x,y,game,position,position_away,dist,dist_away,x_away,y_away,play_index
6.09870619173,26.98,,RB,DT,24.0,24.0,-1.05129380827,24.54,127
1.32870619173,17.76,,WR,MLB,24.0,24.0,-5.71129380827,25.39,127
0.138706191731,22.35,,TE,OLB,24.0,24.0,-3.33129380827,20.32,127
1.04870619173,20.53,,TE,FS,24.0,24.0,-13.6312938083,25.36,127
0.158706191731,31.71,,TE,SS,24.0,24.0,-5.26129380827,30.34,127
0.698706191731,29.8,,OG,DT,24.0,24.0,-0.951293808269,27.55,127
0.658706191731,28.3,,G,CB,24.0,24.0,-6.43129380827,35.55,127
1.05870619173,23.52,,T,DE,24.0,24.0,-1.25129380827,33.1,127
0.128706191731,27.07,,C,SS,24.0,24.0,-4.44129380827,16.35,127
1.38870619173,26.82,,QB,NT,24.0,24.0,-1.45129380827,28.95,127
0.718706191731,25.31,,G,DE,24.0,24.0,-0.771293808269,21.61,127
7.30612091423,26.84,,RB,DE,24.0,24.0,-1.06387908577,33.04,82
1.64612091423,35.63,,WR,MLB,24.0,24.0,-4.58387908577,27.96,82
1.05612091423,29.78,,TE,OLB,24.0,24.0,-4.08387908577,22.37,82
1.43612091423,21.08,,TE,FS,24.0,24.0,-14.4938790858,29.75,82
1.42612091423,22.71,,OG,SS,24.0,24.0,-6.81387908577,36.95,82
1.17612091423,28.56,,G,DT,24.0,24.0,-0.613879085772,25.47,82
1.32612091423,24.02,,T,CB,24.0,24.0,-1.43387908577,43.77,82
0.586120914228,27.03,,C,DT,24.0,24.0,-0.123879085772,23.31,82
1.73612091423,27.12,,QB,SS,24.0,24.0,-2.80387908577,18.44,82
1.11612091423,25.34,,G,DE,24.0,24.0,-0.423879085772,21.17,82
2.08612091423,43.94,,WR,NT,24.0,24.0,-0.983879085772,29.49,82
5.33454357397,24.92,,RB,DE,24.0,24.0,-0.485456426028,34.25,47
0.264543573972,10.66,,WR,SS,24.0,24.0,-3.83545642603,31.55,47
2.20454357397,32.01,,TE,OLB,24.0,24.0,-3.34545642603,25.71,47
0.724543573972,33.45,,TE,FS,24.0,24.0,-13.755456426,22.6,47
1.69454357397,30.52,,OG,SS,24.0,24.0,-8.22545642603,30.79,47
1.44454357397,29.01,,G,CB,24.0,24.0,-7.76545642603,22.2,47
2.04454357397,23.85,,T,DE,24.0,24.0,-0.415456426028,22.53,47
0.614543573972,27.12,,C,SS,24.0,24.0,-2.61545642603,33.81,47
5.35454357397,27.12,,QB,NT,24.0,24.0,-1.02545642603,25.05,47
1.35454357397,25.51,,G,DE,24.0,24.0,-0.435456426028,30.21,47
2.41454357397,15.14,,WR,CB,24.0,24.0,-2.14545642603,10.8,47
-12.3744590429,25.13,,LB,RB,24.0,24.0,-14.2644590429,31.68,137
-12.5344590429,26.14,,TE,LB,24.0,24.0,-14.0444590429,30.31,137
-13.2144590429,7.72,,FS,LB,24.0,24.0,-14.3744590429,25.15,137
-9.91445904292,29.45,,FS,CB,24.0,24.0,-15.1644590429,8.88,137
-12.3644590429,29.12,,LB,RB,24.0,24.0,-15.3944590429,30.04,137
-8.65445904292,28.25,,SS,CB,24.0,24.0,-15.0444590429,46.01,137
-12.5744590429,45.31,,WR,DE,24.0,24.0,-13.8944590429,28.02,137
-10.5244590429,24.99,,FB,CB,24.0,24.0,-14.9844590429,44.19,137
-12.3144590429,28.19,,ILB,SS,24.0,24.0,-15.9744590429,25.65,137
0.0655409570778,26.55,,P,SS,24.0,24.0,-14.6044590429,23.6,137
-13.3044590429,27.4,,LS,WR,24.0,24.0,-59.9544590429,26.17,137
-13.3458250699,15.3,,FS,QB,24.0,24.0,-24.4858250699,29.8,32
-18.2658250699,9.39,,ILB,WR,24.0,24.0,-20.3758250699,20.87,32
-19.1258250699,35.39,,OLB,OG,24.0,24.0,-20.4758250699,28.36,32
-19.1458250699,28.93,,NT,TE,24.0,24.0,-21.4758250699,9.12,32
-14.6358250699,43.76,,CB,T,24.0,24.0,-23.0658250699,32.86,32
-19.0858250699,32.69,,DE,OT,24.0,24.0,-20.9958250699,26.79,32
-0.275825069943,29.95,,FS,G,24.0,24.0,-20.5158250699,29.56,32
-14.2258250699,20.92,,CB,RB,24.0,24.0,-25.1458250699,45.59,32
-19.1358250699,24.46,,LB,G,24.0,24.0,-20.7558250699,31.21,32
-18.9458250699,26.89,,DE,WR,24.0,24.0,-20.9458250699,15.53,32
-16.6058250699,43.72,,ILB,WR,24.0,24.0,-20.6358250699,43.96,32
-18.5911306122,9.73,,FS,QB,24.0,24.0,-30.5111306122,29.67,1
-23.6011306122,31.2,,ILB,WR,24.0,24.0,-27.1311306122,17.58,1
-24.7811306122,35.21,,OLB,OG,24.0,24.0,-26.8211306122,28.28,1
-24.9811306122,29.68,,NT,TE,24.0,24.0,-30.1711306122,27.73,1
-24.7211306122,43.78,,CB,T,24.0,24.0,-27.3711306122,32.87,1
-24.9911306122,32.94,,DE,OT,24.0,24.0,-26.9911306122,26.81,1
-6.98113061218,29.56,,FS,G,24.0,24.0,-26.3811306122,30.0,1
-20.7411306122,17.35,,CB,RB,24.0,24.0,-30.5211306122,32.07,1
-24.5211306122,23.69,,LB,G,24.0,24.0,-26.7311306122,30.89,1
-24.9511306122,26.71,,DE,WR,24.0,24.0,-26.2811306122,9.27,1
-25.2011306122,28.75,,ILB,WR,24.0,24.0,-26.6011306122,43.83,1
-25.1825024653,31.06,,DE,OG,24.0,24.0,-26.7225024653,28.37,128
-18.8425024653,8.72,,FS,G,24.0,24.0,-26.6625024653,31.1,128
-20.3025024653,32.72,,FS,WR,24.0,24.0,-27.5425024653,38.06,128
-24.8225024653,35.01,,OLB,FB,24.0,24.0,-27.1425024653,7.68,128
-17.8825024653,44.78,,CB,WR,24.0,24.0,-27.0325024653,18.99,128
-24.9625024653,24.92,,DE,OT,24.0,24.0,-27.0025024653,26.99,128
-13.5525024653,28.3,,FS,G,24.0,24.0,-26.4325024653,29.96,128
-22.9825024653,18.57,,CB,QB,24.0,24.0,-30.3625024653,29.75,128
-24.5825024653,27.46,,LB,TE,24.0,24.0,-26.2225024653,22.3,128
-20.4125024653,23.44,,ILB,WR,24.0,24.0,-26.2125024653,44.81,128
-20.9525024653,40.09,,SS,T,24.0,24.0,-27.3125024653,32.86,128
-25.5745263045,28.45,,DE,SS,24.0,24.0,-29.6545263045,33.41,76
-24.7945263045,27.19,,LB,LS,24.0,24.0,-26.4345263045,29.69,76
-24.9145263045,30.74,,TE,LB,24.0,24.0,-27.2445263045,30.84,76
-24.9145263045,49.76,,FS,LB,24.0,24.0,-27.1945263045,28.31,76
-23.3145263045,30.55,,FS,P,24.0,24.0,-40.5245263045,29.47,76
-25.1245263045,34.01,,LB,TE,24.0,24.0,-27.8745263045,32.48,76
-25.3945263045,34.87,,SS,ILB,24.0,24.0,-29.7345263045,26.04,76
14.4354736955,36.72,,WR,SS,24.0,24.0,-30.2545263045,28.62,76
-23.8645263045,12.82,,CB,WR,24.0,24.0,-26.6445263045,49.58,76
-25.6045263045,24.59,,LB,RB,24.0,24.0,-27.4345263045,26.82,76
-24.5045263045,23.12,,DB,CB,24.0,24.0,-26.4545263045,13.08,76
7.0388832066,29.79,,RB,DT,24.0,24.0,-0.161116793396,29.14,140
1.0088832066,13.97,,WR,MLB,24.0,24.0,-4.1711167934,33.4,140
0.998883206604,34.27,,TE,OLB,24.0,24.0,-1.4511167934,37.16,140
1.5188832066,35.45,,TE,FS,24.0,24.0,-12.6511167934,29.84,140
1.7788832066,36.44,,TE,SS,24.0,24.0,-4.7411167934,27.13,140
1.2488832066,32.81,,OG,DT,24.0,24.0,-0.171116793396,32.12,140
1.0488832066,31.4,,G,CB,24.0,24.0,-5.0811167934,40.65,140
1.4588832066,26.41,,T,DE,24.0,24.0,-0.371116793396,35.7,140
0.608883206604,29.52,,C,SS,24.0,24.0,-1.7911167934,14.28,140
1.9488832066,29.76,,QB,NT,24.0,24.0,-0.701116793396,26.87,140
1.0288832066,27.96,,G,DE,24.0,24.0,-0.431116793396,25.0,140
4.42828643826,32.71,,RB,DT,24.0,24.0,-0.661713561736,29.88,30
1.03828643826,17.97,,WR,MLB,24.0,24.0,-4.73171356174,25.74,30
0.418286438264,35.7,,TE,OLB,24.0,24.0,-4.14171356174,34.99,30
0.328286438264,22.84,,TE,FS,24.0,24.0,-12.8117135617,25.18,30
0.908286438264,32.97,,OG,SS,24.0,24.0,-5.44171356174,21.03,30
0.888286438264,31.47,,G,CB,24.0,24.0,-6.53171356174,38.87,30
1.57828643826,26.4,,T,DE,24.0,24.0,-1.18171356174,34.64,30
0.238286438264,29.65,,C,SS,24.0,24.0,-7.04171356174,16.29,30
4.64828643826,29.64,,QB,NT,24.0,24.0,-0.881713561736,27.12,30
0.828286438264,28.09,,G,DE,24.0,24.0,-0.941713561736,25.06,30
1.90828643826,23.37,,WR,DT,24.0,24.0,-0.701713561736,32.61,30
1.74510249605,8.29,,WR,OLB,24.0,24.0,-0.574897503951,21.91,133
0.975102496049,24.27,,TE,FS,24.0,24.0,-11.274897504,28.53,133
1.63510249605,35.83,,TE,SS,24.0,24.0,-1.00489750395,36.31,133
1.70510249605,32.94,,OG,CB,24.0,24.0,1.34510249605,6.41,133
1.77510249605,31.42,,G,DE,24.0,24.0,-0.0748975039511,35.18,133
1.73510249605,26.55,,T,DE,24.0,24.0,-0.664897503951,25.31,133
0.975102496049,29.67,,C,SS,24.0,24.0,-0.594897503951,18.13,133
5.52510249605,29.75,,QB,NT,24.0,24.0,0.055102496049,32.44,133
1.45510249605,28.12,,G,DE,24.0,24.0,-0.324897503951,28.96,133
1.25510249605,45.61,,WR,ILB,24.0,24.0,-5.53489750395,27.43,133
1.70510249605,17.81,,WR,CB,24.0,24.0,-2.26489750395,45.58,133
-12.342158106,27.87,,LB,RB,24.0,24.0,-12.702158106,33.43,142
-12.232158106,28.64,,TE,LB,24.0,24.0,-13.912158106,26.61,142
-12.552158106,8.48,,FS,LB,24.0,24.0,-14.452158106,27.62,142
-9.71215810601,31.94,,FS,CB,24.0,24.0,-14.832158106,9.8,142
-11.982158106,31.76,,LB,RB,24.0,24.0,-13.912158106,32.03,142
-8.23215810601,30.84,,SS,CB,24.0,24.0,-15.092158106,45.01,142
-12.082158106,45.78,,WR,DE,24.0,24.0,-13.752158106,30.61,142
-9.88215810601,27.56,,FB,CB,24.0,24.0,-14.202158106,33.98,142
-12.232158106,30.67,,ILB,SS,24.0,24.0,-14.272158106,28.76,142
0.767841893992,29.23,,P,SS,24.0,24.0,-14.172158106,25.34,142
-13.092158106,29.96,,LS,WR,24.0,24.0,-63.712158106,30.79,142
37.6534044225,16.16,,ILB,FB,24.0,24.0,35.7034044225,37.49,24
42.6834044225,36.02,,OLB,WR,24.0,24.0,35.7534044225,8.39,24
37.9634044225,24.99,,NT,OG,24.0,24.0,36.0734044225,22.26,24
44.5134044225,43.57,,CB,T,24.0,24.0,34.2634044225,26.79,24
38.1634044225,28.13,,DE,G,24.0,24.0,36.1434044225,23.91,24
46.6434044225,15.95,,FS,RB,24.0,24.0,35.2534044225,45.04,24
42.3034044225,8.58,,CB,QB,24.0,24.0,32.0634044225,23.65,24
37.6934044225,18.14,,LB,G,24.0,24.0,35.9634044225,25.13,24
37.8834044225,21.83,,DE,TE,24.0,24.0,36.5434044225,32.57,24
42.6734044225,30.13,,ILB,WR,24.0,24.0,36.4934044225,14.43,24
53.4734044225,32.71,,SS,OT,24.0,24.0,35.5734044225,20.66,24
25.2190008608,29.11,,DE,T,24.0,24.0,22.9290008608,27.11,48
34.3690008608,8.6,,FS,G,24.0,24.0,23.3390008608,25.34,48
26.4990008608,8.87,,FS,WR,24.0,24.0,23.5390008608,35.71,48
26.8290008608,21.35,,OLB,WR,24.0,24.0,22.5990008608,32.53,48
32.7390008608,38.72,,CB,OG,24.0,24.0,23.5490008608,22.51,48
25.8190008608,26.48,,DE,G,24.0,24.0,23.4690008608,23.85,48
43.5390008608,22.28,,FS,RB,24.0,24.0,19.3190008608,22.6,48
26.7790008608,33.86,,CB,QB,24.0,24.0,19.2990008608,23.96,48
24.9590008608,18.7,,LB,TE,24.0,24.0,19.6990008608,26.44,48
29.2390008608,27.1,,ILB,WR,24.0,24.0,23.8390008608,8.76,48
34.8890008608,29.9,,SS,OT,24.0,24.0,23.1290008608,21.09,48
23.3019680509,22.6,,DE,SS,24.0,24.0,18.0619680509,28.3,115
23.7919680509,21.07,,LB,LS,24.0,24.0,22.3119680509,23.62,115
24.0719680509,41.14,,FS,LB,24.0,24.0,21.1019680509,25.16,115
24.9119680509,22.61,,FS,LB,24.0,24.0,21.4319680509,22.4,115
23.2219680509,27.4,,LB,RB,24.0,24.0,21.2719680509,20.94,115
23.6019680509,29.4,,SS,TE,24.0,24.0,21.5619680509,27.1,115
56.9419680509,26.26,,WR,SS,24.0,24.0,18.0919680509,22.61,115
24.2219680509,9.4,,CB,WR,24.0,24.0,21.5719680509,40.92,115
23.6819680509,19.11,,LB,CB,24.0,24.0,21.8719680509,9.3,115
23.7919680509,17.7,,DB,P,24.0,24.0,8.0519680509,23.08,115
23.8719680509,25.56,,DE,ILB,24.0,24.0,18.1819680509,20.13,115
6.78775899893,29.64,,RB,DE,24.0,24.0,-0.672241001075,34.76,64
3.91775899893,25.68,,WR,MLB,24.0,24.0,-4.45224100107,28.56,64
1.86775899893,34.11,,TE,OLB,24.0,24.0,-3.43224100107,34.23,64
1.11775899893,35.62,,TE,FS,24.0,24.0,-5.14224100107,22.42,64
1.18775899893,32.7,,OG,SS,24.0,24.0,-13.8422410011,29.36,64
1.00775899893,31.35,,G,DT,24.0,24.0,-0.722241001075,32.44,64
1.21775899893,26.02,,T,CB,24.0,24.0,-5.73224100107,39.09,64
0.487758998925,29.52,,C,DT,24.0,24.0,-0.662241001075,29.07,64
1.54775899893,29.66,,QB,SS,24.0,24.0,-4.51224100107,14.04,64
1.01775899893,27.81,,G,DE,24.0,24.0,-0.742241001075,24.9,64
0.837758998925,14.44,,WR,NT,24.0,24.0,-1.07224100107,26.94,64
6.87770137916,23.74,,RB,CB,24.0,24.0,-3.10229862084,44.54,89
4.08770137916,23.75,,FB,DT,24.0,24.0,-0.772298620844,20.8,89
1.15770137916,34.62,,WR,MLB,24.0,24.0,-5.41229862084,25.24,89
0.987701379156,18.78,,TE,OLB,24.0,24.0,-4.90229862084,22.0,89
0.677701379156,26.5,,OG,FS,24.0,24.0,-15.7522986208,27.96,89
0.817701379156,25.28,,G,SS,24.0,24.0,-5.76229862084,17.62,89
0.657701379156,20.37,,T,DT,24.0,24.0,-0.912298620844,23.74,89
0.197701379156,23.57,,C,DE,24.0,24.0,-1.45229862084,28.51,89
1.31770137916,23.53,,QB,SS,24.0,24.0,-7.39229862084,34.09,89
0.617701379156,22.08,,G,DE,24.0,24.0,-0.972298620844,18.26,89
0.407701379156,44.73,,WR,NT,24.0,24.0,-1.19229862084,25.92,89
6.63754500688,29.66,,RB,DE,24.0,24.0,-0.932454993121,34.59,25
-0.302454993121,9.48,,WR,MLB,24.0,24.0,-5.18245499312,30.03,25
2.33754500688,33.71,,TE,OLB,24.0,24.0,-3.78245499312,22.97,25
1.31754500688,23.37,,TE,FS,24.0,24.0,-17.3924549931,28.0,25
1.24754500688,32.74,,OG,SS,24.0,24.0,-2.48245499312,35.91,25
0.987545006879,31.29,,G,CB,24.0,24.0,-2.47245499312,41.88,25
1.35754500688,26.38,,T,DE,24.0,24.0,-0.962454993121,24.53,25
0.0775450068788,29.49,,C,DT,24.0,24.0,-1.01245499312,26.82,25
1.46754500688,29.68,,QB,SS,24.0,24.0,-7.21245499312,9.84,25
0.747545006879,27.9,,G,NT,24.0,24.0,-1.23245499312,31.85,25
0.137545006879,41.77,,WR,DT,24.0,24.0,-1.33245499312,29.43,25
7.43464682055,23.74,,RB,DE,24.0,24.0,-0.285353179447,17.41,44
2.36464682055,28.64,,TE,MLB,24.0,24.0,-4.38535317945,22.38,44
4.53464682055,26.69,,TE,OLB,24.0,24.0,-3.57535317945,27.66,44
1.39464682055,26.9,,OG,FS,24.0,24.0,-3.18535317945,30.9,44
1.46464682055,25.52,,G,DT,24.0,24.0,-0.725353179447,23.81,44
1.06464682055,20.6,,T,CB,24.0,24.0,-7.35535317945,40.83,44
0.794646820553,23.72,,C,DE,24.0,24.0,-0.265353179447,29.01,44
1.83464682055,23.8,,QB,DT,24.0,24.0,0.0546468205534,21.03,44
1.44464682055,22.35,,G,NT,24.0,24.0,-0.475353179447,26.07,44
1.75464682055,19.34,,WR,SS,24.0,24.0,-4.13535317945,15.79,44
1.79464682055,42.0,,WR,SS,24.0,24.0,-12.2553531794,25.67,44
1.9426474111,9.61,,RB,DE,24.0,24.0,-0.9273525889,35.57,143
1.6026474111,45.25,,WR,MLB,24.0,24.0,-4.4573525889,26.04,143
0.3526474111,34.28,,TE,OLB,24.0,24.0,-3.4773525889,21.45,143
1.3426474111,23.44,,TE,FS,24.0,24.0,-12.9973525889,27.84,143
0.4626474111,24.97,,TE,SS,24.0,24.0,-6.2073525889,35.68,143
1.0826474111,32.77,,OG,DT,24.0,24.0,-0.9473525889,30.64,143
0.8926474111,31.29,,G,CB,24.0,24.0,-1.6873525889,45.09,143
1.1926474111,26.44,,T,DE,24.0,24.0,-0.9473525889,23.26,143
0.1726474111,29.63,,C,DT,24.0,24.0,-0.7073525889,27.64,143
4.8226474111,29.67,,QB,SS,24.0,24.0,-6.0473525889,13.2,143
0.7926474111,28.19,,G,NT,24.0,24.0,-1.1273525889,32.33,143
-9.28029615527,29.14,,DE,DT,24.0,24.0,-11.2802961553,27.61,4
-8.45029615527,30.17,,TE,MLB,24.0,24.0,-15.9102961553,26.94,4
-10.1102961553,28.7,,OG,CB,24.0,24.0,-11.3702961553,31.67,4
-10.1202961553,27.69,,G,DE,24.0,24.0,-10.9602961553,29.28,4
-9.75029615527,24.84,,G,DE,24.0,24.0,-8.55029615527,26.3,4
-9.58029615527,24.29,,DE,SS,24.0,24.0,-10.8602961553,22.27,4
-2.49029615527,27.46,,P,SS,24.0,24.0,-10.9902961553,23.84,4
-10.4102961553,27.05,,LS,DT,24.0,24.0,-10.9702961553,28.44,4
-8.25029615527,23.9,,DE,NT,24.0,24.0,-11.1102961553,26.38,4
-10.1202961553,26.03,,OG,LB,24.0,24.0,-10.5802961553,25.16,4
0.0397038447284,24.74,,K,SS,24.0,24.0,-11.2902961553,30.31,4
-1.48915326089,24.52,,ILB,G,24.0,24.0,-7.49915326089,24.05,18
-6.23915326089,29.26,,OLB,FB,24.0,24.0,-6.31915326089,35.24,18
-6.52915326089,23.82,,NT,WR,24.0,24.0,-7.50915326089,43.49,18
-1.03915326089,43.45,,CB,OG,24.0,24.0,-7.56915326089,22.79,18
-6.69915326089,26.58,,DE,T,24.0,24.0,-8.56915326089,27.22,18
9.74084673911,24.67,,FS,OT,24.0,24.0,-7.28915326089,21.02,18
-1.86915326089,12.66,,CB,RB,24.0,24.0,-10.7991532609,22.08,18
-5.58915326089,17.72,,LB,QB,24.0,24.0,-11.1291532609,23.74,18
-5.91915326089,20.86,,DE,G,24.0,24.0,-7.81915326089,25.81,18
-1.38915326089,19.83,,ILB,WR,24.0,24.0,-7.24915326089,13.02,18
-4.42915326089,35.83,,SS,TE,24.0,24.0,-7.27915326089,19.05,18
0.0627726964377,29.43,,ILB,RB,24.0,24.0,-12.4572273036,22.11,118
-5.76722730356,28.96,,OLB,FB,24.0,24.0,-9.19722730356,18.26,118
-6.31722730356,23.84,,NT,OG,24.0,24.0,-8.14722730356,22.41,118
-1.85722730356,43.1,,CB,TE,24.0,24.0,-8.02722730356,19.56,118
-6.48722730356,27.13,,DE,OT,24.0,24.0,-7.93722730356,21.01,118
11.8827726964,29.41,,FS,G,24.0,24.0,-7.91722730356,23.82,118
-0.207227303562,16.98,,CB,QB,24.0,24.0,-12.0072273036,23.74,118
-6.21722730356,16.58,,LB,G,24.0,24.0,-8.44722730356,25.44,118
-6.18722730356,20.95,,DE,WR,24.0,24.0,-8.26722730356,33.46,118
-2.27722730356,21.3,,ILB,WR,24.0,26.8207765138,-9.71722730356,44.29,118
-5.88722730356,32.08,,SS,T,24.0,24.0,-8.80722730356,26.95,118
25.7664134752,29.34,,DE,WR,24.0,31.3338532873,25.1264134752,36.22,126
32.7064134752,8.62,,FS,QB,24.0,24.0,21.2064134752,23.97,126
32.2264134752,20.13,,FS,G,24.0,24.0,24.9564134752,25.39,126
28.0964134752,25.84,,OLB,WR,24.0,24.0,25.9564134752,42.89,126
32.7664134752,42.35,,CB,OG,24.0,24.0,24.9264134752,22.56,126
26.6564134752,22.63,,DE,OT,24.0,24.0,23.8864134752,20.66,126
36.7064134752,14.99,,FS,G,24.0,24.0,25.0964134752,23.72,126
31.4064134752,35.76,,CB,RB,24.0,24.0,20.1664134752,11.66,126
25.5764134752,18.91,,LB,WR,24.0,24.0,26.5464134752,10.52,126
28.6364134752,23.68,,ILB,WR,24.0,29.2980125051,25.2464134752,14.67,126
44.2064134752,28.24,,SS,T,24.0,24.0,24.2564134752,27.53,126
21.0136391144,27.26,,DE,OT,24.0,24.0,19.2736391144,20.68,116
21.1436391144,44.47,,ILB,QB,24.0,24.0,15.7936391144,23.73,116
26.8936391144,9.26,,FS,WR,24.0,24.0,18.8536391144,35.58,116
21.1036391144,29.4,,OLB,WR,24.0,24.0,19.4636391144,32.11,116
21.1336391144,24.12,,NT,OG,24.0,24.0,19.4436391144,22.21,116
23.2436391144,36.77,,CB,T,24.0,24.0,18.9436391144,27.05,116
21.1836391144,20.95,,DE,RB,24.0,24.0,14.5536391144,25.95,116
25.7836391144,31.94,,CB,G,24.0,24.0,19.3536391144,25.1,116
20.8536391144,18.21,,LB,TE,24.0,24.0,19.1136391144,44.59,116
24.2136391144,27.05,,ILB,WR,24.0,33.3118863563,19.5536391144,9.5,116
37.8936391144,22.84,,SS,G,24.0,24.0,19.7136391144,23.85,116
47.781508118,19.55,,ILB,TE,24.0,41.0328611844,41.921508118,18.2,10
44.601508118,27.69,,OLB,OG,24.0,24.0,43.371508118,22.22,10
44.551508118,24.2,,NT,TE,24.0,24.0,42.751508118,28.07,10
46.181508118,31.21,,CB,T,24.0,24.0,42.941508118,26.32,10
56.971508118,21.44,,FS,G,24.0,24.0,43.581508118,23.9,10
48.701508118,9.68,,CB,RB,24.0,24.0,36.181508118,23.73,10
44.301508118,17.22,,LB,QB,24.0,24.0,42.591508118,23.66,10
44.811508118,21.54,,DE,G,24.0,24.0,42.921508118,25.15,10
48.281508118,23.1,,ILB,TE,24.0,24.0,41.891508118,29.34,10
44.361508118,29.67,,SS,OT,24.0,24.0,43.141508118,20.74,10
44.621508118,25.97,,DE,WR,24.0,39.0905220131,42.861508118,9.43,10
20.0959189839,24.89,,ILB,OT,24.0,24.0,14.1359189839,28.75,71
21.4459189839,8.9,,FS,RB,24.0,46.8297898512,10.3259189839,21.65,71
16.0459189839,30.58,,OLB,WR,24.0,24.0,13.8759189839,8.35,71
21.7459189839,42.87,,CB,OG,24.0,24.0,14.3859189839,23.15,71
22.2059189839,20.16,,FS,T,24.0,24.0,14.2359189839,26.58,71
19.6859189839,33.79,,CB,G,24.0,24.0,14.5659189839,24.09,71
15.7459189839,23.21,,DE,QB,24.0,24.0,10.4859189839,23.87,71
20.1059189839,27.9,,ILB,G,24.0,24.0,14.2659189839,25.57,71
30.8859189839,27.36,,SS,TE,24.0,27.6864704268,14.2459189839,20.82,71
15.8059189839,25.79,,DE,WR,24.0,24.0,13.4759189839,33.27,71
15.9159189839,18.65,,OLB,WR,24.0,36.6317522496,14.0059189839,43.91,71
62.4374653588,27.98,,ILB,G,24.0,24.0,57.6374653588,29.55,43
59.6574653588,36.02,,OLB,WR,24.0,24.0,57.0974653588,9.74,43
59.1674653588,29.85,,NT,OG,24.0,24.0,57.4174653588,28.4,43
60.4974653588,18.87,,CB,TE,24.0,24.0,56.4174653588,25.46,43
64.2374653588,36.02,,FS,OT,24.0,24.0,57.4274653588,26.95,43
62.3474653588,10.44,,CB,RB,24.0,24.0,52.8174653588,31.97,43
59.1674653588,26.77,,DE,QB,24.0,24.0,53.7974653588,29.74,43
60.8174653588,30.56,,ILB,G,24.0,24.0,57.4074653588,30.71,43
66.7074653588,25.78,,SS,T,24.0,24.0,56.9474653588,32.2,43
58.8774653588,32.85,,DE,TE,24.0,24.0,57.3274653588,33.84,43
60.2074653588,24.85,,OLB,WR,24.0,40.9774635024,57.4074653588,19.39,43
58.9762045057,31.26,,SS,TE,24.0,24.0,57.7362045057,23.47,91
60.0562045057,22.69,,ILB,OG,24.0,24.0,58.6462045057,26.61,91
60.1262045057,28.91,,OLB,TE,24.0,24.0,57.5162045057,28.75,91
59.6262045057,25.23,,NT,K,24.0,24.0,50.2062045057,25.07,91
58.9462045057,30.1,,FS,T,24.0,24.0,59.2662045057,24.93,91
59.9062045057,20.13,,CB,OT,24.0,24.0,59.2162045057,27.58,91
59.7962045057,25.09,,LB,T,24.0,24.0,58.8362045057,28.7,91
60.0262045057,26.69,,DE,G,24.0,24.0,59.2262045057,24.14,91
64.2562045057,26.79,,ILB,P,24.0,24.0,51.5562045057,26.83,91
63.4062045057,21.99,,SS,LS,24.0,24.0,61.0162045057,25.7,91
60.2062045057,27.37,,DE,G,24.0,24.0,59.6062045057,25.09,91
0.222423837869,10.89,,WR,MLB,24.0,24.0,-4.85757616213,27.49,31
0.972423837869,31.67,,TE,OLB,24.0,24.0,-3.49757616213,32.11,31
2.05242383787,32.53,,TE,FS,24.0,24.0,-13.8875761621,25.17,31
1.29242383787,21.96,,TE,SS,24.0,24.0,-5.32757616213,20.32,31
0.892423837869,30.28,,OG,DT,24.0,24.0,-0.647576162131,26.72,31
1.10242383787,28.87,,G,DT,24.0,24.0,-0.717576162131,29.42,31
0.622423837869,24.2,,T,CB,24.0,24.0,-6.45757616213,36.31,31
0.202423837869,27.52,,C,DE,24.0,24.0,-0.957576162131,32.61,31
1.53242383787,27.25,,QB,SS,24.0,24.0,-3.05757616213,10.85,31
0.562423837869,25.77,,G,DE,24.0,24.0,-1.06757616213,22.51,31
6.90242383787,27.46,,RB,DE,38.285434007,24.0,-1.03757616213,24.52,31
1.07252652711,39.75,,WR,SS,24.0,24.0,-2.56747347289,28.51,136
3.19252652711,28.27,,TE,OLB,24.0,24.0,-2.43747347289,24.0,136
1.57252652711,26.56,,OG,FS,24.0,24.0,-13.5474734729,23.21,136
1.30252652711,25.16,,G,CB,24.0,24.0,-1.97747347289,11.8,136
1.26252652711,20.15,,T,DT,24.0,24.0,-0.377473472886,25.69,136
0.772526527114,23.59,,C,CB,24.0,24.0,-5.73747347289,43.08,136
5.29252652711,23.72,,QB,DE,24.0,24.0,-0.377473472886,21.01,136
1.23252652711,21.82,,G,DE,24.0,24.0,-0.227473472886,18.89,136
1.21252652711,11.27,,WR,SS,24.0,24.0,-3.64747347289,37.82,136
3.07252652711,42.21,,WR,DT,24.0,24.0,-0.357473472886,23.61,136
6.18252652711,25.9,,RB,DE,32.5673980172,24.0,-0.257473472886,29.49,136
-0.849025061867,16.04,,WR,OLB,24.0,24.0,-5.41902506187,29.49,139
1.70097493813,18.3,,TE,FS,24.0,24.0,-9.53902506187,36.61,139
0.980974938133,30.45,,OG,SS,24.0,24.0,-18.3790250619,21.55,139
0.630974938133,28.43,,G,CB,24.0,24.0,-3.29902506187,44.51,139
1.53097493813,23.53,,T,DE,24.0,24.0,-1.03902506187,31.6,139
0.080974938133,26.99,,C,DE,24.0,24.0,-0.849025061867,21.54,139
4.17097493813,26.99,,QB,NT,24.0,24.0,-1.33902506187,28.43,139
0.820974938133,25.33,,G,DE,24.0,24.0,-0.809025061867,24.25,139
-0.269025061867,44.46,,WR,ILB,24.0,24.0,-6.41902506187,25.73,139
0.710974938133,15.25,,WR,CB,24.0,24.0,-3.59902506187,14.34,139
4.27097493813,29.77,,RB,SS,32.5067306559,24.0,-2.78902506187,18.39,139
-11.1679495002,24.86,,LB,RB,24.0,24.0,-13.1879495002,31.14,55
-11.1079495002,25.81,,TE,LB,24.0,24.0,-12.7579495002,23.51,55
-12.3379495002,7.93,,FS,LB,24.0,24.0,-13.2579495002,25.01,55
-8.74794950019,29.29,,FS,CB,24.0,24.0,-14.5379495002,9.19,55
-11.1579495002,28.97,,LB,RB,24.0,24.0,-12.6779495002,29.13,55
-7.46794950019,28.12,,SS,CB,24.0,24.0,-13.5679495002,43.64,55
-11.4179495002,44.03,,WR,DE,24.0,24.0,-13.2079495002,28.08,55
-9.29794950019,24.7,,FB,CB,24.0,24.0,-13.2579495002,31.41,55
-11.1679495002,28.09,,ILB,SS,24.0,24.0,-12.9179495002,26.18,55
0.932050499814,26.37,,P,SS,24.0,24.0,-12.9279495002,22.26,55
-12.2579495002,27.17,,LS,WR,24.0,24.0,-64.5779495002,28.42,55
-36.6906275797,27.84,,DE,WR,24.0,48.2124440228,-35.1906275797,21.25,109
-37.7106275797,43.8,,FS,QB,24.0,24.0,-31.0206275797,29.78,109
-41.0506275797,25.96,,FS,G,24.0,24.0,-35.2806275797,28.35,109
-36.8406275797,23.94,,OLB,WR,24.0,28.1589797726,-34.5806275797,17.68,109
-40.9606275797,9.24,,CB,OG,24.0,24.0,-35.6206275797,31.63,109
-37.0706275797,31.0,,DE,OT,24.0,24.0,-34.9706275797,33.24,109
-42.5006275797,28.77,,FS,G,24.0,24.0,-35.4506275797,29.89,109
-41.1106275797,17.73,,CB,RB,24.0,24.0,-30.3706275797,27.49,109
-36.6706275797,35.24,,LB,WR,24.0,24.0,-34.4006275797,8.18,109
-36.8606275797,32.41,,ILB,WR,24.0,49.6967911086,-35.3206275797,44.2,109
-54.1506275797,22.34,,SS,T,24.0,24.0,-34.5506275797,26.17,109
-44.3849032916,28.39,,DE,TE,24.0,24.0739163757,-42.6749032916,34.48,134
-47.7049032916,40.65,,FS,QB,24.0,24.0,-39.1249032916,29.67,134
-44.9049032916,34.17,,FS,G,24.0,24.0,-42.8049032916,28.35,134
-44.6349032916,24.24,,OLB,WR,24.0,31.9481109313,-42.3749032916,9.63,134
-45.5249032916,10.01,,CB,OG,24.0,24.0,-43.0149032916,31.04,134
-45.0649032916,30.94,,DE,OT,24.0,24.0,-42.6549032916,32.7,134
-46.9349032916,33.7,,FS,G,24.0,24.0,-42.9849032916,29.67,134
-45.5749032916,17.8,,CB,RB,24.0,24.0,-40.7249032916,31.57,134
-44.3149032916,35.94,,LB,WR,24.0,24.0,-43.2449032916,17.59,134
-44.6549032916,32.14,,ILB,WR,24.0,54.5507016,-41.6849032916,40.31,134
-58.6049032916,25.31,,SS,T,24.0,24.0,-42.0049032916,26.7,134
-46.5051752994,28.72,,DE,WR,24.0,45.7206296941,-46.4051752994,43.85,104
-48.2651752994,43.7,,FS,G,24.0,24.0,-45.2651752994,28.18,104
-47.7951752994,22.53,,FS,WR,24.0,24.0,-45.8351752994,16.51,104
-46.8751752994,24.46,,OLB,WR,24.0,31.0923495118,-45.2051752994,8.38,104
-48.2151752994,9.3,,CB,OG,24.0,24.0,-44.9251752994,30.99,104
-46.7751752994,31.09,,DE,OT,24.0,24.0,-44.5951752994,33.18,104
-50.9451752994,37.23,,FS,G,24.0,24.0,-45.2251752994,29.41,104
-48.2751752994,16.81,,CB,QB,24.0,24.0,-41.6751752994,29.65,104
-46.1351752994,34.78,,LB,TE,24.0,24.0,-46.6051752994,22.44,104
-46.7851752994,27.07,,ILB,WR,24.0,58.2265602788,-44.5251752994,37.74,104
-61.0851752994,27.46,,SS,T,24.0,24.0,-44.5151752994,26.49,104
-61.0354388991,9.34,,WR,MLB,24.0,24.0,-54.7054388991,28.49,131
-60.5954388991,27.06,,TE,OLB,24.0,24.0,-55.5054388991,34.22,131
-60.6554388991,36.11,,TE,FS,24.0,24.0,-44.8154388991,28.4,131
-61.1654388991,34.41,,OG,SS,24.0,24.0,-53.0654388991,18.35,131
-60.5254388991,28.44,,G,CB,24.0,24.0,-57.6154388991,9.66,131
-60.8554388991,32.84,,T,DE,24.0,24.0,-58.4454388991,26.14,131
-60.2854388991,30.0,,C,DT,24.0,24.0,-59.2554388991,31.4,131
-61.0854388991,29.78,,QB,NT,24.0,24.0,-58.8754388991,34.03,131
-60.4554388991,31.36,,G,DE,24.0,24.0,-58.8254388991,36.24,131
-61.4654388991,19.36,,WR,DT,24.0,24.0,-58.7054388991,28.9,131
-66.6554388991,29.78,,RB,SS,34.5297889954,24.0,-55.7854388991,38.3,131
0.411505150555,43.99,,WR,MLB,24.0,24.0,5.31150515055,27.89,141
0.0515051505548,24.9,,TE,SS,24.0,24.0,6.48150515055,24.04,141
-0.768494849445,34.77,,TE,OLB,24.0,24.0,4.50150515055,35.38,141
-0.278494849445,26.76,,OG,FS,24.0,24.0,15.3715051506,31.43,141
-0.368494849445,28.17,,G,CB,24.0,24.0,4.94150515055,20.77,141
-0.0784948494452,33.32,,T,DE,24.0,24.0,1.97150515055,24.69,141
0.631505150555,29.56,,C,DT,24.0,24.0,1.67150515055,29.86,141
-0.628494849445,29.67,,QB,SS,24.0,24.0,2.42150515055,43.97,141
0.0715051505548,31.32,,G,DE,24.0,24.0,1.76150515055,35.08,141
-1.92849484945,25.75,,WR,DT,24.0,24.0,2.01150515055,27.1,141
-6.39849484945,29.7,,RB,DE,29.7828982401,24.0,2.21150515055,32.47,141
-0.0891000789763,9.38,,WR,MLB,24.0,24.0,5.43089992102,27.03,7
0.130899921024,19.79,,TE,SS,24.0,24.0,8.80089992102,20.05,7
0.940899921024,25.08,,TE,OLB,24.0,24.0,6.46089992102,30.34,7
0.370899921024,26.65,,OG,FS,24.0,24.0,15.580899921,29.45,7
0.460899921024,28.28,,G,DT,24.0,24.0,2.80089992102,27.08,7
0.300899921024,33.3,,T,CB,24.0,24.0,6.99089992102,10.27,7
0.960899921024,29.89,,C,DE,24.0,24.0,2.83089992102,23.85,7
-3.30910007898,29.82,,QB,DE,24.0,24.0,2.66089992102,32.66,7
0.560899921024,31.69,,G,DE,24.0,24.0,2.13089992102,35.44,7
0.760899921024,43.48,,WR,SS,24.0,24.0,3.74089992102,43.59,7
-3.03910007898,32.02,,RB,DT,28.831189595,24.0,2.38089992102,29.89,7
1.30969869986,30.79,,WR,OLB,24.0,24.0,3.22969869986,22.78,26
0.369698699856,32.23,,TE,FS,24.0,24.0,14.1996986999,26.41,26
-0.950301300144,29.73,,TE,SS,24.0,24.0,12.3996986999,17.49,26
-0.430301300144,20.52,,OG,CB,24.0,24.0,8.65969869986,34.18,26
-0.000301300143562,22.08,,G,CB,24.0,24.0,3.52969869986,14.61,26
-0.730301300144,27.33,,T,DE,24.0,24.0,1.50969869986,18.32,26
0.709698699856,24.06,,C,DE,24.0,24.0,2.07969869986,29.21,26
-3.48030130014,23.77,,QB,NT,24.0,24.0,2.14969869986,21.13,26
0.139698699856,25.44,,G,DE,24.0,24.0,1.82969869986,25.43,26
0.699698699856,15.01,,WR,ILB,24.0,24.0,2.88969869986,26.96,26
-3.38030130014,21.28,,RB,SS,28.9707482376,24.0,3.96969869986,31.22,26
-2.72912986222,29.36,,WR,SS,24.0,24.0,5.01087013778,19.09,119
-1.90912986222,19.36,,TE,OLB,24.0,24.0,5.04087013778,23.91,119
-0.329129862217,20.97,,OG,FS,24.0,24.0,16.0708701378,22.98,119
-0.319129862217,21.97,,G,DT,24.0,24.0,1.27087013778,21.04,119
-0.189129862217,26.95,,T,CB,24.0,24.0,8.31087013778,13.21,119
0.370870137783,23.46,,C,DE,24.0,24.0,1.37087013778,18.94,119
-1.25912986222,24.0,,QB,SS,24.0,24.0,3.70087013778,31.13,119
-0.289129862217,26.11,,G,DE,24.0,24.0,1.17087013778,28.76,119
-0.329129862217,43.8,,WR,NT,24.0,24.0,1.27087013778,26.63,119
-0.559129862217,15.44,,WR,CB,24.0,24.0,1.63087013778,43.87,119
-6.06912986222,23.55,,RB,DT,29.0742993953,24.0,1.07087013778,23.52,119
-1.04655293664,41.23,,WR,SS,27.5801750851,24.0,5.50344706336,37.5,87
-0.806552936636,18.03,,TE,OLB,24.0,24.0,5.86344706336,28.07,87
-0.756552936636,26.61,,OG,FS,24.0,24.0,15.4034470634,28.85,87
-0.576552936636,28.24,,G,DT,24.0,24.0,1.73344706336,32.26,87
-1.22655293664,33.27,,T,CB,24.0,24.0,8.72344706336,14.0,87
0.193447063364,30.12,,C,DE,24.0,24.0,1.11344706336,35.37,87
-4.37655293664,29.91,,QB,DT,24.0,24.0,1.85344706336,29.54,87
-0.396552936636,31.52,,G,NT,24.0,24.0,1.83344706336,27.21,87
-0.0365529366362,38.82,,WR,SS,24.0,24.0,4.48344706336,20.16,87
0.0834470633638,18.86,,WR,CB,24.0,24.0,9.37344706336,42.4,87
-4.36655293664,32.29,,RB,DE,24.7437472986,24.0,2.05344706336,24.15,87
-0.0367216061038,11.77,,WR,SS,30.6362383663,24.0,5.9032783939,23.6,73
-0.406721606104,24.37,,TE,OLB,24.0,24.0,3.4432783939,31.8,73
0.263278393896,37.48,,TE,FS,24.0,24.0,15.3332783939,27.7,73
-0.0167216061038,26.76,,OG,SS,24.0,24.0,10.1232783939,34.03,73
0.193278393896,27.99,,G,CB,24.0,24.0,8.0832783939,12.49,73
-0.696721606104,33.36,,T,DE,24.0,24.0,1.8232783939,35.08,73
0.753278393896,30.08,,C,DE,24.0,24.0,2.2932783939,24.36,73
-3.7067216061,30.1,,QB,NT,24.0,24.0,2.2732783939,32.39,73
0.0732783938962,31.59,,G,DE,24.0,24.0,2.1832783939,27.19,73
0.653278393896,19.41,,WR,CB,24.0,24.0,2.6932783939,38.22,73
-3.5967216061,32.59,,RB,SS,24.0,24.0,3.0132783939,19.06,73
12.2824657551,31.91,,LB,LB,24.0,24.0,19.2224657551,33.81,93
13.0124657551,30.94,,TE,SS,24.0,24.0,19.0224657551,26.18,93
14.0724657551,45.25,,FS,WR,24.0,24.0,43.9524657551,34.76,93
10.6424657551,27.4,,FS,CB,24.0,24.0,15.5824657551,44.44,93
12.9424657551,27.6,,LB,DT,24.0,24.0,14.9724657551,26.01,93
9.28246575515,31.25,,SS,DE,24.0,24.0,15.3724657551,24.52,93
13.4124657551,9.37,,WR,NT,24.0,24.0,14.8224657551,31.97,93
10.8224657551,32.08,,FB,DE,24.0,24.0,14.9224657551,34.92,93
13.0324657551,28.51,,ILB,MLB,24.0,24.0,18.3024657551,30.39,93
0.332465755145,29.41,,P,SS,24.0,24.0,15.3924657551,9.58,93
13.7124657551,29.79,,LS,DT,24.0,24.0,15.0724657551,28.72,93
10.3514715606,30.69,,ILB,OG,24.0,24.0,17.3914715606,31.24,37
15.7114715606,23.1,,OLB,TE,24.0,27.426057867,18.8614715606,24.42,37
11.8914715606,15.83,,CB,WR,24.0,39.1512463954,19.6814715606,19.78,37
5.4614715606,33.45,,FS,OT,24.0,24.0,17.5514715606,33.16,37
15.0314715606,44.3,,CB,RB,24.0,24.0,24.1714715606,29.83,37
15.8614715606,34.67,,LB,QB,24.0,24.0,18.2314715606,29.96,37
16.2714715606,29.35,,DE,G,24.0,24.0,17.6714715606,28.54,37
12.3514715606,25.97,,ILB,TE,24.0,24.0,17.6914715606,25.59,37
10.3914715606,23.83,,SS,T,24.0,24.0,18.3514715606,27.17,37
16.0914715606,27.18,,DE,WR,24.0,67.3948125649,17.6014715606,44.18,37
15.5314715606,31.79,,DE,G,24.0,24.0,17.1914715606,29.79,37
9.95993267775,25.2,,ILB,FB,24.0,39.4829035702,15.8999326777,35.04,52
13.6999326777,18.02,,OLB,WR,24.0,36.4091172081,16.5699326777,44.7,52
11.1599326777,13.35,,CB,OG,24.0,24.0,15.7099326777,25.18,52
13.5799326777,34.96,,FS,T,24.0,24.0,16.2299326777,20.91,52
9.08993267775,43.8,,CB,G,24.0,24.0,15.6699326777,23.81,52
14.0099326777,29.17,,LB,RB,24.0,24.0,19.3799326777,21.49,52
13.9699326777,22.83,,DE,QB,24.0,24.0,19.4199326777,23.78,52
9.60993267775,20.33,,ILB,G,24.0,24.0,15.8899326777,22.33,52
0.41993267775,23.13,,SS,TE,24.0,24.0,16.1199326777,19.49,52
14.3699326777,21.05,,DE,WR,24.0,72.4980716995,17.4399326777,15.12,52
13.7699326777,26.23,,DE,OT,24.0,24.0,16.2299326777,26.83,52
14.2996288166,42.92,,FS,RB,24.0,24.0,21.4896288166,31.37,27
15.7696288166,34.77,,OLB,WR,24.0,31.9525264854,17.5296288166,9.95,27
10.9796288166,11.5,,CB,OG,24.0,24.0,17.6396288166,31.22,27
16.0096288166,27.0,,DE,OT,24.0,24.0,18.1996288166,32.71,27
5.55962881658,34.61,,FS,G,24.0,24.0,17.2596288166,29.8,27
11.9996288166,19.63,,CB,TE,24.0,63.2140187535,21.2796288166,27.17,27
15.5796288166,24.6,,LB,QB,24.0,24.0,21.3496288166,29.79,27
16.0596288166,29.93,,DE,G,24.0,24.0,17.6696288166,28.51,27
14.8496288166,25.91,,ILB,WR,24.0,24.0,18.2996288166,19.4,27
-1.85037118342,23.28,,SS,T,24.0,24.0,18.4496288166,26.99,27
16.0696288166,32.03,,DE,WR,24.0,73.7287146637,17.3896288166,42.95,27
-4.8630494332,28.87,,ILB,OG,24.0,24.0,1.6969505668,31.27,6
0.5169505668,24.56,,OLB,TE,24.0,29.1805046978,2.2369505668,25.5,6
0.5769505668,29.2,,NT,WR,24.0,39.1016239777,1.8269505668,42.71,6
-1.7230494332,20.73,,CB,T,24.0,24.0,2.3669505668,27.03,6
1.1469505668,27.64,,DE,G,24.0,24.0,1.5669505668,29.59,6
-13.1930494332,30.34,,FS,TE,24.0,59.440927771,2.9369505668,23.23,6
-2.1030494332,42.8,,CB,RB,24.0,24.0,9.1769505668,29.6,6
0.6169505668,34.63,,LB,QB,24.0,24.0,2.6069505668,29.9,6
0.8869505668,31.97,,DE,G,24.0,24.0,2.2869505668,28.36,6
-3.8830494332,26.13,,ILB,TE,24.0,24.0,3.6569505668,24.51,6
0.6469505668,22.62,,SS,OT,24.0,24.0,2.1269505668,32.75,6
-4.67344298146,26.72,,ILB,OG,24.0,24.0,0.396557018545,31.14,11
-1.54344298146,23.6,,OLB,TE,24.0,29.0932028852,0.716557018545,34.48,11
-0.763442981455,29.3,,NT,WR,24.0,39.1505735489,0.506557018545,20.67,11
-5.71344298146,19.4,,CB,T,24.0,24.0,0.876557018545,26.38,11
-1.76344298146,26.53,,DE,G,24.0,24.0,0.0265570185449,29.74,11
-2.75344298146,35.45,,FS,TE,24.0,59.5832347719,2.70655701854,25.45,11
-6.71344298146,38.04,,CB,RB,24.0,24.0,7.50655701854,29.77,11
-1.32344298146,34.25,,LB,QB,24.0,24.0,1.03655701854,29.93,11
-0.973442981455,31.91,,DE,G,24.0,24.0,0.446557018545,28.08,11
-5.11344298146,30.32,,ILB,TE,24.0,24.0,0.866557018545,36.08,11
-15.9934429815,25.18,,SS,OT,24.0,24.0,0.536557018545,32.93,11
-19.4053058901,26.64,,DE,TE,24.0,29.9390338137,-16.4953058901,34.05,41
-20.7653058901,44.44,,FS,QB,24.0,24.0,-14.0253058901,29.77,41
-19.9453058901,28.89,,FS,G,24.0,24.0,-17.7053058901,28.29,41
-19.6353058901,23.71,,OLB,WR,24.0,31.5179098028,-17.7453058901,44.26,41
-20.2453058901,10.69,,CB,OG,24.0,24.0,-18.1353058901,31.03,41
-19.7253058901,31.69,,DE,OT,24.0,24.0,-17.7353058901,32.7,41
-23.2653058901,34.24,,FS,G,24.0,24.0,-18.3553058901,29.73,41
-20.3553058901,18.86,,CB,RB,24.0,24.0,-13.2953058901,31.83,41
-19.7453058901,36.46,,LB,WR,24.0,24.0,-18.0553058901,18.75,41
-20.3453058901,31.04,,ILB,WR,24.0,72.6733972327,-16.3653058901,9.74,41
-35.9353058901,23.46,,SS,T,24.0,24.0,-17.3653058901,26.19,41
-35.3237025702,21.67,,DE,WR,24.0,45.9159954348,-32.5937025702,44.96,120
-41.8437025702,44.42,,FS,QB,24.0,24.0,-29.8337025702,23.71,120
-39.0137025702,25.08,,FS,G,24.0,24.0,-33.4737025702,22.09,120
-35.5237025702,17.95,,OLB,WR,24.0,33.7254615719,-33.6037025702,34.87,120
-35.8337025702,8.72,,CB,OG,24.0,24.0,-33.6937025702,25.07,120
-35.4337025702,25.39,,DE,OT,24.0,24.0,-33.5637025702,26.6,120
-50.8937025702,25.98,,FS,G,24.0,24.0,-33.9037025702,23.69,120
-39.0637025702,34.43,,CB,RB,24.0,24.0,-29.2237025702,25.55,120
-35.3137025702,28.98,,LB,WR,24.0,24.0,-32.6737025702,15.25,120
-35.0537025702,25.92,,ILB,WR,24.0,84.37312874,-33.5137025702,8.54,120
-39.6337025702,13.7,,SS,T,24.0,24.0,-33.2437025702,20.15,120
-43.1084623572,22.99,,DE,WR,24.0,43.803378079,-41.6584623572,32.22,122
-51.1584623572,43.91,,FS,QB,24.0,24.0,-37.7184623572,23.89,122
-46.6884623572,24.72,,FS,G,24.0,24.0,-41.4184623572,22.63,122
-42.9784623572,18.59,,OLB,WR,24.0,35.1315902709,-40.6784623572,37.06,122
-48.1284623572,9.05,,CB,OG,24.0,24.0,-41.1484623572,25.55,122
-43.0384623572,26.55,,DE,OT,24.0,24.0,-40.7884623572,27.01,122
-57.1384623572,28.88,,FS,G,24.0,24.0,-41.6684623572,23.83,122
-44.3184623572,35.4,,CB,RB,24.0,24.0,-37.4184623572,25.69,122
-42.8284623572,29.05,,LB,WR,24.0,24.0,-41.0584623572,44.55,122
-49.1284623572,30.23,,ILB,WR,24.0,84.5555181586,-41.3684623572,9.32,122
-51.4884623572,18.54,,SS,T,24.0,24.0,-40.6584623572,20.86,122
-42.0091659211,18.41,,DE,OG,24.0,24.0,-39.6091659211,25.07,132
-49.9791659211,42.81,,FS,QB,24.0,24.0,-35.7391659211,23.63,132
-42.5491659211,10.08,,FS,G,24.0,24.0,-39.6191659211,22.41,132
-43.2991659211,21.25,,OLB,FB,24.0,47.8936229937,-36.7691659211,21.12,132
-48.2691659211,9.66,,CB,WR,24.0,48.4815224831,-41.3491659211,42.74,132
-42.9191659211,27.67,,DE,OT,24.0,24.0,-39.5391659211,26.81,132
-56.7991659211,33.72,,FS,G,24.0,24.0,-39.4591659211,23.77,132
-46.0091659211,34.43,,CB,TE,24.0,57.7920337096,-36.4791659211,27.08,132
-42.4691659211,25.1,,LB,WR,24.0,24.0,-39.9191659211,33.88,132
-46.2991659211,27.15,,ILB,WR,24.0,98.5867072898,-39.7391659211,8.47,132
-54.3291659211,18.87,,SS,T,24.0,24.0,-39.2391659211,20.4,132
-59.681079994,22.17,,ILB,OG,24.0,24.0,-54.051079994,25.92,49
-56.061079994,18.21,,OLB,TE,24.0,37.9762884745,-54.781079994,27.74,49
-55.161079994,23.69,,NT,T,24.0,24.0,-54.291079994,21.6,49
-58.301079994,9.24,,CB,OT,24.0,24.0,-54.981079994,25.81,49
-55.801079994,21.47,,DE,RB,24.0,88.4877042588,-51.431079994,25.17,49
-61.561079994,26.45,,FS,RB,24.0,24.0,-47.871079994,23.75,49
-57.361079994,30.64,,CB,QB,24.0,24.0,-53.131079994,24.26,49
-56.271079994,27.74,,LB,G,24.0,24.0,-54.241079994,23.31,49
-55.921079994,25.69,,DE,TE,24.0,24.0,-52.731079994,19.57,49
-59.941079994,25.03,,ILB,WR,24.0,93.2716417346,-55.011079994,9.57,49
-58.601079994,17.51,,SS,G,24.0,24.0,-55.381079994,24.63,49
-71.9226718197,31.48,,ILB,OG,24.0,24.0,-65.3326718197,30.35,66
-67.2426718197,23.67,,OLB,TE,24.0,39.7399869426,-64.9826718197,25.12,66
-66.3826718197,28.96,,NT,WR,24.0,41.8190821325,-64.7226718197,21.3,66
-69.9726718197,19.13,,CB,T,24.0,24.0,-66.1926718197,25.85,66
-66.8726718197,26.61,,DE,G,24.0,24.0,-65.3926718197,29.04,66
-76.0626718197,29.46,,FS,RB,24.0,86.5801848856,-62.1826718197,29.11,66
-67.0226718197,36.87,,CB,RB,24.0,24.0,-58.6226718197,29.5,66
-67.2026718197,34.33,,LB,QB,24.0,24.0,-64.2126718197,29.78,66
-66.9326718197,31.58,,DE,G,24.0,24.0,-64.9926718197,27.5,66
-71.8226718197,28.18,,ILB,TE,24.0,24.0,-65.8126718197,34.58,66
-70.5526718197,24.85,,SS,OT,24.0,24.0,-65.1926718197,32.4,66
-75.5870074793,29.31,,SS,G,24.0,24.0,-74.5870074793,24.61,61
-75.7870074793,20.44,,ILB,OG,24.0,24.0,-74.8170074793,23.66,61
-77.1970074793,22.04,,OLB,TE,24.0,24.0,-72.6470074793,26.47,61
-75.8270074793,23.05,,NT,K,24.0,24.0,-64.7070074793,25.25,61
-75.6470074793,25.73,,DE,T,24.0,24.0,-74.1170074793,25.68,61
-75.5970074793,28.3,,FS,OT,24.0,24.0,-74.4770074793,22.35,61
-79.7770074793,21.23,,CB,T,24.0,24.0,-74.1970074793,26.4,61
-76.4870074793,27.08,,LB,G,24.0,24.0,-74.0070074793,21.53,61
-75.4370074793,25.28,,DE,P,24.0,24.0,-66.4570074793,23.24,61
-78.6070074793,24.42,,ILB,TE,24.0,24.0,-72.8770074793,21.53,61
-75.8570074793,19.0,,SS,LS,24.0,24.0,-74.7770074793,23.83,61
-61.0421953899,21.43,,RB,DE,32.1363244047,24.0,-55.4321953899,18.04,111
-57.9521953899,18.4,,WR,SS,32.4235035723,24.0,-50.3521953899,27.93,111
-56.4021953899,29.51,,TE,OLB,24.0,24.0,-50.0821953899,23.77,111
-57.3121953899,20.52,,OG,FS,24.0,24.0,-40.0021953899,23.52,111
-57.0721953899,22.09,,G,CB,24.0,24.0,-52.7921953899,44.96,111
-57.3121953899,27.21,,T,CB,24.0,24.0,-52.9121953899,8.69,111
-56.3121953899,23.85,,C,DE,24.0,24.0,-55.0621953899,28.64,111
-60.7621953899,23.9,,QB,SS,24.0,24.0,-52.7721953899,16.68,111
-56.9921953899,25.49,,G,DE,24.0,24.0,-57.1721953899,25.42,111
-56.4421953899,9.07,,WR,NT,24.0,24.0,-54.8721953899,21.32,111
-56.9421953899,44.93,,WR,SS,24.0,24.0,-40.8421953899,37.31,111
-24.609834058,20.9,,RB,DE,30.5233042609,24.0,-18.529834058,17.23,40
-19.739834058,39.4,,WR,SS,35.2657237199,24.0,-13.829834058,18.0,40
-20.209834058,18.58,,TE,OLB,24.0980514633,24.0,-15.309834058,21.65,40
-20.699834058,20.64,,OG,FS,24.0,24.0,-3.77983405796,19.74,40
-20.509834058,21.91,,G,CB,24.0,24.0,-17.529834058,39.4,40
-21.019834058,27.07,,T,CB,24.0,24.0,-16.009834058,11.97,40
-19.739834058,23.9,,C,DE,24.0,24.0,-18.269834058,29.32,40
-24.579834058,23.93,,QB,SS,24.0,24.0,-17.879834058,35.67,40
-20.419834058,25.34,,G,DE,24.0,24.0,-18.739834058,21.09,40
-20.579834058,11.89,,WR,NT,24.0,24.0,-17.749834058,26.64,40
-20.639834058,35.75,,WR,SS,24.0,24.0,-4.65983405796,36.94,40
-13.9240121373,23.75,,RB,DE,29.6486577304,24.0,-7.68401213726,18.34,62
-9.12401213726,43.12,,WR,SS,37.9939258117,24.0,-0.764012137255,19.87,62
-10.7540121373,18.88,,TE,OLB,25.0800091052,24.0,-3.34401213725,21.44,62
-9.61401213725,21.21,,OG,FS,24.0,24.0,10.9059878627,21.67,62
-9.41401213725,22.57,,G,CB,24.0,24.0,-3.00401213725,43.15,62
-9.75401213725,26.49,,T,CB,24.0,24.0,-0.494012137255,9.1,62
-9.30401213725,23.86,,C,DE,24.0,24.0,-7.89401213725,27.9,62
-10.3440121373,23.86,,QB,SS,24.0,24.0,-5.35401213725,34.68,62
-9.66401213725,25.06,,G,DE,24.0,24.0,-7.20401213725,21.58,62
-9.32401213726,9.06,,WR,NT,24.0,24.0,-7.64401213725,26.27,62
-10.9640121373,34.66,,WR,SS,24.0,24.0,4.53598786275,30.01,62
-43.8879743411,25.76,,RB,DE,29.8541341199,24.0,-38.4779743411,17.88,54
-39.8179743411,42.13,,WR,SS,39.2371494266,24.0,-33.6679743411,17.98,54
-40.9279743411,17.54,,TE,OLB,25.2281716056,24.0,-36.4979743411,25.44,54
-40.4079743411,20.95,,OG,FS,24.0,24.0,-24.6479743411,19.44,54
-40.3379743411,22.27,,G,CB,24.0,24.0,-37.8779743411,41.82,54
-40.9679743411,27.21,,T,CB,24.0,24.0,-36.5679743411,10.2,54
-39.7579743411,23.96,,C,DE,24.0,24.0,-38.1579743411,29.03,54
-43.9779743411,23.78,,QB,SS,24.0,24.0,-37.6679743411,35.18,54
-40.3779743411,25.48,,G,DE,24.0,24.0,-38.4279743411,21.51,54
-40.0779743411,9.77,,WR,NT,24.0,24.0,-38.5079743411,26.53,54
-40.8279743411,35.18,,WR,SS,24.0,24.0,-25.1879743411,37.93,54
-39.3563572472,26.09,,RB,CB,29.5456146745,24.0,-33.1763572472,8.05,83
-36.2463572472,8.31,,WR,SS,40.7260910979,24.0,-29.0363572472,16.46,83
-35.2463572472,17.67,,TE,OLB,29.1364910621,24.0,-32.5963572472,27.03,83
-35.6263572472,20.78,,OG,FS,24.0,24.0,-27.7763572472,28.77,83
-35.5363572472,22.45,,G,CB,24.0,24.0,-32.7363572472,42.43,83
-36.0463572472,27.28,,T,CB,24.0,24.0,-32.8063572472,34.72,83
-34.9663572472,23.96,,C,DE,24.0,24.0,-33.5563572472,18.43,83
-39.3963572472,23.75,,QB,DE,24.0,24.0,-33.6263572472,29.31,83
-35.6563572472,25.5,,G,DE,24.0,24.0,-33.6963572472,24.32,83
-35.2163572472,42.29,,WR,SS,24.0,24.0,-19.0363572472,15.98,83
-35.7763572472,34.62,,WR,SS,24.0,24.0,-20.6863572472,37.93,83
-35.6316126193,27.37,,DE,OG,24.0,24.0,-33.5916126193,31.14,3
-78.8216126193,47.96,,FS,QB,24.0,24.0,-29.8116126193,29.81,3
-76.4316126193,27.17,,FS,G,24.0,24.0,-33.4516126193,28.54,3
-35.4716126193,23.85,,OLB,FB,24.0,63.6567906943,-29.7316126193,32.28,3
-61.8916126193,17.34,,CB,WR,24.0,47.1256770327,-33.2316126193,45.54,3
-35.3116126193,31.35,,DE,T,24.0,24.0,-33.0916126193,26.92,3
-81.9016126193,37.81,,FS,OT,24.0,24.0,-33.0916126193,32.76,3
-38.0416126193,32.84,,CB,G,24.0,24.0,-34.0116126193,29.86,3
-35.6416126193,35.24,,LB,WR,24.0,24.0,-31.9416126193,18.95,3
-38.0216126193,30.1,,ILB,WR,24.0,97.3797290921,-33.2716126193,10.05,3
-81.8716126193,13.69,,SS,WR,24.0,38.7757741076,-33.8916126193,37.38,3
-45.6616347337,20.86,,ILB,OG,24.0,24.0,-51.1916347337,22.22,69
-49.3716347337,27.98,,OLB,TE,24.0,48.0167538739,-51.3116347337,28.07,69
-49.6716347337,23.09,,NT,T,24.0,24.0,-51.1516347337,26.48,69
-48.2416347337,31.53,,CB,OT,24.0,24.0,-51.0416347337,20.29,69
-49.3516347337,25.56,,DE,TE,24.0,75.9810888126,-52.2116347337,17.07,69
-35.0916347337,20.38,,FS,RB,24.0,24.0,-57.8716347337,23.99,69
-46.0816347337,8.43,,CB,QB,24.0,24.0,-51.6416347337,23.61,69
-49.4516347337,16.66,,LB,G,24.0,24.0,-51.8116347337,25.38,69
-49.3116347337,20.62,,DE,TE,24.0,24.0,-51.6016347337,28.89,69
-45.8216347337,24.38,,ILB,WR,24.0,109.517600714,-50.4216347337,9.01,69
-49.4216347337,29.59,,SS,G,24.0,24.0,-50.6816347337,23.29,69
-26.6340218768,25.22,,ILB,OG,24.0,24.0,-32.8540218768,22.97,8
-31.3540218768,29.86,,OLB,TE,24.0,48.7429232861,-33.3640218768,19.56,8
-31.4540218768,23.47,,NT,T,24.0,24.0,-33.6040218768,27.26,8
-26.8640218768,41.32,,CB,OT,24.0,24.0,-33.0040218768,21.17,8
-31.7040218768,26.17,,DE,TE,24.0,74.4616335658,-33.8840218768,16.93,8
-23.1840218768,19.28,,FS,RB,24.0,24.0,-40.1440218768,24.17,8
-26.2840218768,14.68,,CB,QB,24.0,24.0,-33.7840218768,23.81,8
-31.4840218768,16.95,,LB,G,24.0,24.0,-33.5440218768,25.56,8
-31.1440218768,21.37,,DE,TE,24.0,24.0,-33.5740218768,18.54,8
-27.3140218768,20.02,,ILB,WR,24.0,110.746890977,-32.8440218768,43.36,8
-18.3840218768,33.44,,SS,G,24.0,24.0,-32.7840218768,24.19,8
17.9406006237,24.93,,ILB,OG,24.0,24.0,11.4006006237,22.76,114
13.5006006237,29.59,,OLB,TE,24.0,52.17614977,10.9906006237,18.23,114
13.4106006237,22.99,,NT,WR,24.0,33.565220012,9.34060062373,19.53,114
14.1906006237,43.55,,CB,T,24.0,24.0,11.2206006237,27.31,114
13.4406006237,26.78,,DE,G,24.0,24.0,11.9506006237,23.69,114
16.8206006237,17.04,,FS,RB,24.0,24.0,5.18060062373,23.99,114
18.3206006237,16.86,,CB,QB,24.0,24.0,11.2706006237,23.58,114
13.3806006237,16.39,,LB,G,24.0,24.0,10.1006006237,25.6,114
13.8906006237,20.77,,DE,TE,24.0,24.0,12.0706006237,19.5,114
17.1206006237,20.04,,ILB,WR,24.0,110.555942793,11.4006006237,43.79,114
27.1606006237,25.84,,SS,OT,24.0,24.0,12.0906006237,20.71,114
26.2137940777,24.33,,ILB,OG,24.0,24.0,20.4637940777,22.5,79
22.4437940777,27.79,,OLB,TE,24.0,54.8177164647,20.7937940777,19.03,79
22.3537940777,23.04,,NT,T,24.0,24.0,19.4337940777,26.66,79
27.1337940777,43.16,,CB,OT,24.0,24.0,21.2637940777,20.59,79
22.3537940777,25.69,,DE,RB,24.0,111.261113792,16.8137940777,23.7,79
35.6537940777,25.29,,FS,RB,24.0,24.0,13.9737940777,24.02,79
25.2337940777,17.02,,CB,QB,24.0,24.0,20.1637940777,23.43,79
22.6637940777,19.02,,LB,G,24.0,24.0,19.6437940777,25.02,79
22.9337940777,20.56,,DE,TE,24.0,24.0,19.3237940777,27.98,79
26.6437940777,22.09,,ILB,WR,24.0,109.902637032,20.2437940777,43.73,79
24.1137940777,30.04,,SS,G,24.0,24.0,21.7337940777,23.84,79
20.6682439835,29.27,,DE,T,24.0,24.0,17.2882439835,26.92,12
26.5482439835,9.21,,FS,QB,24.0,24.0,15.6582439835,23.75,12
24.7382439835,25.97,,FS,G,24.0,24.0,19.2782439835,25.14,12
23.9482439835,22.34,,OLB,WR,24.0,39.5832347719,19.2382439835,44.14,12
26.7682439835,43.44,,CB,OG,24.0,24.0,19.1982439835,22.58,12
21.3882439835,23.53,,DE,G,24.0,24.0,19.7982439835,23.74,12
34.8182439835,24.37,,FS,TE,24.0,88.7378138592,15.0982439835,26.8,12
21.6582439835,34.0,,CB,RB,24.0,24.0,15.8382439835,22.23,12
21.2282439835,19.09,,LB,WR,24.0,24.0,17.3382439835,34.03,12
21.2882439835,26.02,,ILB,WR,24.0,107.759390149,19.4882439835,9.04,12
21.1982439835,17.73,,SS,OT,24.0,24.0,19.1882439835,20.93,12
28.0967922385,13.96,,FS,QB,24.0,24.0,16.8667922385,23.86,28
23.7167922385,20.31,,ILB,WR,24.0,50.2950536332,19.2567922385,36.12,28
22.0667922385,29.61,,OLB,OG,24.0,24.0,20.3067922385,22.48,28
21.9667922385,24.39,,NT,TE,24.0,58.5899874157,17.3067922385,25.66,28
25.9867922385,35.26,,CB,T,24.0,24.0,18.7267922385,27.19,28
21.6967922385,27.19,,DE,OT,24.0,24.0,20.4467922385,20.99,28
32.2967922385,23.89,,FS,G,24.0,24.0,20.3867922385,24.26,28
23.3467922385,32.29,,CB,RB,24.0,24.0,18.0767922385,21.9,28
21.7467922385,18.55,,LB,G,24.0,24.0,20.0167922385,25.71,28
21.8367922385,21.13,,DE,WR,24.0,24.0,21.0567922385,32.33,28
24.2067922385,28.42,,ILB,WR,24.0,120.696648279,20.6567922385,14.31,28
64.6233611687,23.41,,ILB,OG,24.0,24.0,58.9833611687,21.66,80
60.0933611687,30.48,,OLB,TE,24.0,52.3707425385,57.7533611687,28.84,80
59.7333611687,24.37,,NT,T,24.0,24.0,57.4933611687,26.93,80
60.0733611687,32.26,,CB,OT,24.0,24.0,58.2333611687,20.92,80
59.7833611687,26.64,,DE,TE,24.0,81.2989298589,57.4533611687,30.46,80
71.0433611687,24.23,,FS,RB,24.0,24.0,51.0033611687,24.13,80
61.0633611687,8.83,,CB,QB,24.0,24.0,57.5133611687,23.77,80
59.7133611687,18.79,,LB,G,24.0,24.0,58.2233611687,25.03,80
59.5033611687,21.55,,DE,TE,24.0,24.0,57.3733611687,29.54,80
63.1033611687,27.94,,ILB,WR,24.0,131.152301923,58.2833611687,9.17,80
61.1033611687,31.11,,SS,G,24.0,24.0,58.0633611687,24.24,80
17.4083640326,26.61,,DE,OG,24.0,24.0,15.7483640326,23.23,90
24.5683640326,8.78,,FS,G,24.0,24.0,15.3383640326,25.89,90
22.3983640326,17.5,,FS,WR,24.0,24.0,14.8783640326,37.08,90
18.6683640326,29.35,,OLB,FB,24.0,74.708967675,15.8083640326,8.19,90
23.0083640326,43.48,,CB,WR,24.0,55.4792295489,15.2683640326,43.98,90
17.8883640326,18.68,,DE,OT,24.0,24.0,15.7083640326,21.01,90
26.7983640326,14.22,,FS,G,24.0,24.0,16.0183640326,23.95,90
20.5283640326,37.04,,CB,QB,24.0,24.0,12.3683640326,23.77,90
17.6383640326,21.37,,LB,TE,24.0,24.0,16.7083640326,31.85,90
22.8483640326,29.85,,ILB,WR,24.0,130.614298195,16.4583640326,15.44,90
27.4883640326,34.1,,SS,T,24.0,24.0,15.2483640326,26.93,90
2.31839594913,20.14,,SS,G,24.0,24.0,1.28839594913,25.31,110
4.05839594913,29.63,,ILB,OG,24.0,24.0,1.25839594913,26.8,110
3.67839594913,28.43,,OLB,TE,24.0,24.0,-0.211604050869,23.35,110
3.41839594913,27.0,,NT,K,24.0,24.0,-8.26160405087,24.76,110
3.25839594913,23.75,,DE,T,24.0,24.0,1.79839594913,23.91,110
3.07839594913,31.24,,FS,OT,24.0,24.0,1.59839594913,27.5,110
7.99839594913,28.41,,CB,T,24.0,24.0,1.14839594913,23.77,110
2.78839594913,22.91,,LB,G,24.0,24.0,1.25839594913,28.36,110
3.17839594913,25.03,,DE,P,24.0,24.0,-6.09160405087,26.73,110
7.05839594913,25.52,,ILB,TE,24.0,24.0,0.418395949131,28.58,110
2.74839594913,21.27,,SS,LS,24.0,24.0,1.72839594913,26.34,110
5.61852867444,26.92,,RB,DT,26.029041747,24.0,-1.80147132556,23.61,35
0.138528674444,42.92,,WR,MLB,46.347425143,24.0,-5.99147132556,28.26,35
0.0185286744441,22.04,,TE,OLB,49.9374695985,24.0,-4.27147132556,22.02,35
-0.471471325556,31.41,,TE,FS,24.0,24.0,-15.9314713256,29.35,35
0.258528674444,21.34,,TE,SS,35.1334139973,24.0,-6.09147132556,32.82,35
-0.371471325556,29.93,,OG,DT,24.0,24.0,-2.22147132556,28.19,35
-0.271471325556,28.33,,G,CB,24.0,24.0,-3.87147132556,43.16,35
-0.0214713255559,23.95,,T,DE,24.0,24.0,-2.08147132556,32.44,35
-1.22147132556,26.81,,C,SS,24.0,24.0,-5.53147132556,18.21,35
0.0785286744441,27.11,,QB,NT,24.0,24.0,-2.33147132556,28.88,35
-0.831471325556,26.02,,G,DE,24.0,24.0,0.888528674444,21.57,35
-12.4331834748,29.63,,RB,DE,26.2917642786,24.0,-20.5031834748,35.46,20
-15.1731834748,29.59,,FB,SS,90.3930811431,24.0,-21.3531834748,19.1,20
-19.2531834748,19.44,,WR,MLB,46.4895581682,24.0,-23.7131834748,31.23,20
-18.4231834748,34.3,,TE,OLB,48.5222365694,24.0,-22.5831834748,26.42,20
-18.6531834748,32.6,,OG,FS,24.0,24.0,-32.3531834748,27.88,20
-18.8331834748,31.18,,G,DT,24.0,24.0,-20.4531834748,32.11,20
-18.1731834748,26.15,,T,CB,24.0,24.0,-27.2031834748,23.14,20
-19.3331834748,29.61,,C,DT,24.0,24.0,-20.2231834748,29.85,20
-17.9731834748,29.75,,QB,NT,24.0,24.0,-20.9631834748,26.75,20
-18.6931834748,28.2,,G,DE,24.0,24.0,-20.3631834748,24.47,20
-17.2431834748,21.8,,WR,SS,24.0,24.0,-26.2731834748,34.58,20
-10.4508823059,29.59,,RB,DE,27.5277389738,24.0,-18.6108823059,34.16,56
-15.5908823059,37.71,,WR,MLB,49.9923445987,24.0,-20.9108823059,30.93,56
-16.8908823059,32.36,,TE,OLB,48.9216723732,24.0,-21.5908823059,25.61,56
-16.4508823059,24.19,,TE,FS,29.3325167572,24.0,-29.2808823059,28.33,56
-14.9208823059,25.5,,OG,SS,24.0,24.0,-24.1408823059,37.24,56
-16.4208823059,31.67,,G,DT,24.0,24.0,-18.2108823059,29.81,56
-16.3608823059,26.81,,T,CB,24.0,24.0,-19.1608823059,43.87,56
-17.5108823059,29.05,,C,DT,24.0,24.0,-18.4608823059,27.31,56
-16.1208823059,29.87,,QB,SS,24.0,24.0,-20.9108823059,20.75,56
-16.4708823059,28.5,,G,DE,24.0,24.0,-17.9208823059,23.53,56
-15.6708823059,43.97,,WR,NT,24.0,24.0,-18.5208823059,24.57,56
-21.0654267402,28.41,,RB,DE,24.0,24.0,-28.7954267402,33.68,88
-24.3154267402,24.93,,FB,SS,87.0088247129,24.0,-30.5454267402,11.72,88
-27.3354267402,11.65,,WR,MLB,53.6565312767,24.0,-32.5054267402,26.55,88
-27.3154267402,32.45,,TE,OLB,44.3819245814,24.0,-32.7354267402,30.44,88
-26.5254267402,22.84,,TE,FS,28.4267134211,24.0,-43.0054267402,25.19,88
-27.0754267402,30.93,,OG,SS,24.0,24.0,-33.0154267402,20.86,88
-27.3754267402,29.56,,G,DT,24.0,24.0,-28.5254267402,30.56,88
-27.4854267402,24.82,,T,CB,24.0,24.0,-33.6154267402,35.95,88
-27.3754267402,28.27,,C,DT,24.0,24.0,-28.4654267402,27.1,88
-26.6454267402,28.5,,QB,NT,24.0,24.0,-28.9554267402,26.25,88
-27.2254267402,26.49,,G,DE,24.0,24.0,-28.5954267402,22.69,88
-36.9940148665,23.57,,RB,DE,24.0,24.0,-44.7940148665,18.2,92
-42.1640148665,33.38,,WR,MLB,51.8036260859,24.0,-48.5440148665,27.59,92
-40.9640148665,28.86,,TE,OLB,27.1066241576,24.0,-47.9540148665,23.92,92
-43.0840148665,28.3,,TE,FS,26.7879426753,24.0,-59.8140148665,23.91,92
-42.6340148665,26.63,,OG,SS,24.0,24.0,-49.4140148665,30.93,92
-42.5040148665,25.63,,G,DT,24.0,24.0,-44.4340148665,26.88,92
-42.3140148665,20.25,,T,CB,24.0,24.0,-50.7840148665,35.91,92
-43.2940148665,23.61,,C,DE,24.0,24.0,-47.5040148665,29.4,92
-42.0840148665,23.75,,QB,DT,24.0,24.0,-44.4140148665,23.62,92
-42.6840148665,22.19,,G,SS,24.0,24.0,-47.6740148665,10.24,92
-43.0140148665,11.29,,WR,DE,24.0,24.0,-44.5840148665,21.22,92
-39.115500518,30.0,,RB,DE,24.0,24.0,-45.875500518,24.43,29
-41.665500518,27.37,,FB,DT,92.5407125078,24.0,-45.385500518,29.05,29
-45.105500518,13.8,,WR,MLB,54.9876768364,24.0,-49.855500518,28.81,29
-44.685500518,35.07,,TE,OLB,47.9309957035,24.0,-49.645500518,33.76,29
-43.305500518,35.78,,TE,FS,24.0,24.0,-58.155500518,27.17,29
-44.425500518,33.72,,OG,SS,24.0,24.0,-50.535500518,25.2,29
-44.725500518,32.2,,G,DT,24.0,24.0,-45.765500518,31.96,29
-44.755500518,26.29,,T,CB,24.0,24.0,-51.355500518,39.79,29
-45.665500518,30.27,,C,DE,24.0,24.0,-46.085500518,35.24,29
-43.485500518,30.08,,QB,DE,24.0,24.0,-46.895500518,27.55,29
-44.755500518,28.93,,G,SS,24.0,24.0,-47.595500518,13.66,29
6.77307574611,29.62,,RB,DE,24.0,24.0,-0.566924253895,23.04,63
1.52307574611,12.04,,WR,MLB,53.5604390542,24.0,-5.50692425389,27.02,63
1.45307574611,33.8,,TE,OLB,49.160683485,24.0,-4.05692425389,30.87,63
0.483075746105,24.65,,TE,FS,24.0,24.0,-14.5069242539,25.78,63
1.93307574611,35.39,,TE,SS,24.0,24.0,-10.2369242539,35.3,63
1.22307574611,32.26,,OG,DT,24.0,24.0,-1.75692425389,28.85,63
0.923075746105,30.91,,G,DT,24.0,24.0,-1.04692425389,31.04,63
1.54307574611,25.42,,T,CB,24.0,24.0,-2.78692425389,37.83,63
0.533075746105,29.45,,C,DE,24.0,24.0,-1.27692425389,25.25,63
1.76307574611,29.55,,QB,SS,24.0,24.0,-1.25692425389,12.25,63
1.19307574611,27.84,,G,DE,24.0,24.0,-0.146924253895,33.54,63
7.89843394322,23.58,,RB,CB,24.0,24.0,-1.07156605678,43.88,121
1.96843394322,43.55,,WR,MLB,60.6795557428,24.0,-4.34156605678,26.28,121
2.85843394322,28.71,,TE,OLB,47.3315168127,24.0,-2.65156605678,20.87,121
4.95843394322,26.7,,TE,FS,24.0,24.0,-11.0715660568,26.35,121
1.65843394322,26.89,,OG,SS,24.0,24.0,-2.80156605678,30.44,121
2.17843394322,25.91,,G,DT,24.0,24.0,-0.141566056782,23.55,121
2.10843394322,21.17,,T,DT,24.0,24.0,-0.501566056782,25.58,121
0.888433943218,23.76,,C,DE,24.0,24.0,-0.201566056782,29.03,121
2.75843394322,23.81,,QB,DE,24.0,24.0,-0.171566056782,20.84,121
1.99843394322,22.56,,G,DE,24.0,24.0,-0.751566056782,18.44,121
2.61843394322,19.3,,WR,SS,24.0,24.0,-2.98156605678,16.57,121
5.51792138255,32.2,,RB,CB,24.0,24.0,-3.73207861745,43.36,123
1.91792138255,6.53,,WR,SS,55.627702255,24.0,-5.15207861745,24.53,123
0.747921382555,24.61,,TE,OLB,24.0,24.0,-3.48207861745,30.07,123
1.87792138255,33.0,,OG,FS,24.0,24.0,-11.3020786174,28.99,123
1.32792138255,31.42,,G,CB,24.0,24.0,-1.67207861745,7.1,123
2.26792138255,26.26,,T,DT,24.0,24.0,-0.682078617445,32.59,123
0.777921382555,29.65,,C,DE,24.0922591021,24.0,-0.442078617445,35.39,123
5.56792138255,29.51,,QB,SS,24.0,24.0,-1.05207861745,17.64,123
1.33792138255,28.19,,G,DE,24.0,24.0,0.907921382555,23.65,123
1.36792138255,43.54,,WR,NT,24.0,24.0,-1.73207861745,26.99,123
2.21792138255,17.65,,WR,DT,24.0,24.0,-1.01207861745,29.94,123
5.05960554195,21.97,,RB,DE,24.0,24.0,-0.0303944580527,28.61,103
0.479605541947,34.14,,WR,SS,61.8084903142,24.0,-2.60039445805,30.35,103
1.66960554195,29.42,,TE,OLB,24.0,24.0,-3.19039445805,21.76,103
2.76960554195,19.19,,TE,FS,24.8617624224,24.0,-6.62039445805,30.07,103
1.52960554195,26.25,,OG,SS,24.0,24.0,-7.34039445805,24.48,103
1.89960554195,24.47,,G,CB,24.0,24.0,-1.97039445805,15.39,103
1.38960554195,19.86,,T,CB,24.0,24.0,-2.63039445805,34.02,103
0.959605541947,23.05,,C,DE,24.0,24.0,0.499605541947,19.12,103
5.50960554195,23.8,,QB,SS,24.0,24.0,-1.02039445805,17.58,103
1.39960554195,21.21,,G,DE,24.0,24.0,-1.20039445805,21.65,103
0.569605541947,15.16,,WR,NT,24.0,24.0,-0.880394458053,25.42,103
-59.7492816085,21.4,,RB,DT,24.0,24.0,-65.8392816085,23.89,138
-64.6192816085,6.57,,WR,MLB,63.4853619242,24.0,-71.2692816085,21.47,138
-63.9592816085,29.07,,TE,OLB,24.0,24.0,-69.3192816085,28.68,138
-63.4492816085,17.79,,TE,FS,26.6996006996,24.0,-81.5892816085,24.35,138
-63.6992816085,27.0,,OG,SS,24.0414827903,24.0,-71.0292816085,16.51,138
-64.0192816085,25.21,,G,CB,24.0,24.0,-72.6392816085,43.44,138
-63.2092816085,20.17,,T,DE,24.0,24.0,-67.0092816085,30.51,138
-64.6792816085,23.56,,C,SS,24.1536716796,24.0,-66.9892816085,6.88,138
-60.3992816085,23.53,,QB,NT,24.0,24.0,-66.5892816085,20.66,138
-64.1892816085,22.08,,G,DE,24.0,24.0,-69.5592816085,17.81,138
-64.6892816085,45.2,,WR,DT,24.0,24.0,-66.0992816085,26.93,138
6.3984922953,21.22,,RB,DE,24.0,24.0,-2.1415077047,31.58,86
1.7084922953,9.49,,WR,SS,60.5170647701,24.0,-5.0815077047,20.48,86
1.2984922953,19.53,,TE,OLB,26.0165424414,24.0,-6.2115077047,24.99,86
1.7384922953,27.06,,OG,FS,27.2341577229,24.0,-17.2415077047,32.23,86
1.7084922953,25.16,,G,CB,25.4293799396,24.0,-1.3015077047,9.36,86
2.3284922953,20.06,,T,CB,24.0,24.0,-3.5515077047,45.27,86
0.828492295305,23.65,,C,DT,27.2609855008,24.0,-1.0815077047,23.92,86
5.4284922953,23.76,,QB,SS,24.0,24.0,-10.3115077047,17.17,86
1.5484922953,22.01,,G,DE,24.0,24.0,-0.351507704695,18.2,86
0.828492295305,45.9,,WR,NT,24.0,24.0,-0.311507704695,21.44,86
1.8684922953,34.94,,WR,DT,24.0,24.0,-0.951507704695,25.96,86
5.35410340396,21.12,,RB,DE,24.0,24.0,-2.04589659604,17.85,85
1.43410340396,42.29,,WR,SS,63.8757196416,24.0,-6.30589659604,21.03,85
1.62410340396,29.04,,TE,OLB,27.1387361949,24.0,-6.85589659604,26.21,85
1.28410340396,26.85,,OG,FS,28.5654861993,24.0,-16.805896596,27.84,85
1.46410340396,25.43,,G,CB,25.8046639685,24.0,-2.68589659604,14.08,85
1.81410340396,20.02,,T,CB,24.0,24.0,-3.21589659604,42.56,85
0.424103403964,23.49,,C,DE,27.4216473068,24.0,-1.04589659604,29.9,85
4.87410340396,23.35,,QB,SS,24.0,24.0,-3.63589659604,31.87,85
1.17410340396,21.91,,G,DE,24.0,24.0,-0.965896596036,22.63,85
1.11410340396,14.92,,WR,NT,24.0,24.0,-2.08589659604,26.61,85
0.564103403964,35.03,,WR,SS,24.0,24.0,-9.95589659604,17.41,85
-6.85282056433,28.74,,LB,WR,24.0,24.0,-11.5428205643,40.92,108
-7.86282056433,25.69,,TE,LS,24.0,24.0,-8.29282056433,24.3,108
-7.11282056433,41.0,,FS,LB,24.0,24.0,-9.52282056433,25.38,108
-4.76282056433,22.54,,FS,LB,24.0,24.0,-9.07282056433,22.67,108
-6.88282056433,18.93,,LB,RB,24.0,24.0,-11.3328205643,21.39,108
-4.18282056433,26.98,,SS,TE,24.0,24.0,-10.0328205643,26.41,108
35.4171794357,29.01,,WR,SS,24.0,24.0,-12.0728205643,25.0,108
-7.19282056433,8.64,,CB,SS,24.0,24.0,-11.9128205643,27.55,108
-7.79282056433,22.45,,LB,CB,24.0,24.0,-8.65282056433,9.73,108
-7.03282056433,10.51,,DB,P,24.0,24.0,-23.7728205643,23.9,108
-7.18282056433,21.1,,OLB,ILB,24.0,24.0,-10.6928205643,20.59,108
6.22900297837,32.13,,RB,CB,24.0,24.0,-3.13099702163,43.75,102
2.45900297837,18.55,,WR,MLB,69.8061489808,24.0,-5.08099702163,26.61,102
3.32900297837,25.1,,TE,OLB,26.754340206,24.0,-3.58099702163,31.07,102
1.67900297837,23.13,,TE,FS,31.3399933066,24.0,-16.9309970216,29.38,102
1.94900297837,32.95,,OG,SS,25.4568513132,24.0,-4.40099702163,22.24,102
2.08900297837,31.27,,G,DT,24.0,24.0,0.559002978372,28.97,102
2.20900297837,26.36,,T,DT,24.0,24.0,0.369002978372,27.0,102
0.959002978372,29.63,,C,DE,24.4617846434,24.0,-0.190997021628,23.18,102
5.78900297837,29.66,,QB,DE,24.0,24.0,0.279002978372,35.34,102
1.81900297837,28.22,,G,NT,24.0,24.0,0.709002978372,31.71,102
1.76900297837,43.87,,WR,SS,24.0,24.0,-4.36099702163,17.21,102
6.98408894868,29.94,,RB,DE,24.0,24.0,-0.925911051323,36.12,74
2.15408894868,41.81,,WR,OLB,69.8857516045,24.0,-4.11591105132,33.55,74
1.28408894868,34.68,,TE,FS,30.24892926,24.0,-16.1259110513,26.46,74
1.44408894868,33.41,,OG,SS,31.0354709291,24.0,-6.75591105132,37.48,74
1.17408894868,31.86,,G,CB,28.0185653642,24.0,-6.11591105132,42.9,74
1.57408894868,27.07,,T,DE,24.0,24.0,-0.675911051323,25.74,74
0.384088948677,30.29,,C,SS,29.7038375917,24.0,-3.42591105132,20.14,74
1.91408894868,30.17,,QB,NT,24.0,24.0,-1.05591105132,31.82,74
1.13408894868,28.44,,G,DE,24.0,24.0,-0.0859110513233,31.15,74
1.25408894868,11.21,,WR,ILB,24.1834125746,24.0,-5.67591105132,28.91,74
1.71408894868,19.45,,WR,CB,24.0,24.0,-1.66591105132,11.71,74
-42.2829182057,26.23,,RB,DE,24.0,24.0,-35.7129182057,27.78,46
-38.6029182057,32.56,,WR,SS,71.5488705912,24.0,-32.7529182057,17.6,46
-38.4729182057,18.34,,TE,OLB,31.7112463941,24.0,-33.2529182057,25.19,46
-37.3929182057,29.74,,TE,FS,32.7339538048,24.0,-20.6229182057,23.43,46
-38.9929182057,20.33,,OG,SS,28.6577574958,24.0,-28.4329182057,26.21,46
-38.3229182057,21.97,,G,CB,25.6896297088,24.0,-33.4629182057,31.57,46
-38.7329182057,27.34,,T,CB,24.0,24.0,-34.5629182057,8.61,46
-37.1729182057,24.19,,C,DE,27.4968463811,24.0,-36.0829182057,16.94,46
-41.7529182057,23.77,,QB,SS,24.0,24.0,-34.2429182057,29.87,46
-38.0729182057,25.66,,G,DE,24.0,24.0,-36.0329182057,20.87,46
-36.8729182057,8.51,,WR,NT,27.1879204544,24.0,-35.5129182057,26.39,46
-35.3800979556,25.86,,LB,RB,24.0,24.0,-32.5500979556,19.21,42
-34.0300979556,25.07,,TE,LB,24.0,24.0,-33.3300979556,21.15,42
-32.8400979556,42.21,,FS,LB,24.0,24.0,-32.9700979556,25.05,42
-36.6400979556,21.43,,FS,CB,24.0,24.0,-31.1300979556,41.94,42
-34.8000979556,21.73,,LB,RB,24.0,24.0,-31.6900979556,20.95,42
-38.0000979556,22.43,,SS,CB,24.0,24.0,-31.7100979556,5.94,42
-33.5900979556,6.91,,WR,DE,24.0,24.0,-33.9000979556,23.01,42
-36.7100979556,26.02,,FB,CB,24.0,24.0,-31.3100979556,8.18,42
-34.1900979556,22.62,,ILB,SS,24.0,24.0,-30.0700979556,25.08,42
-46.3500979556,24.31,,P,SS,24.0,24.0,-32.7200979556,26.21,42
-33.9100979556,23.43,,LS,WR,24.0,24.0,14.8499020444,20.41,42
-23.6880848548,22.24,,ILB,RB,24.0,24.0,-11.0580848548,23.44,21
-21.0880848548,20.1,,OLB,OG,24.0,24.0,-17.9680848548,25.03,21
-19.5480848548,24.02,,NT,TE,24.0,74.2141102185,-18.2780848548,28.47,21
-23.8080848548,8.89,,CB,T,24.0,24.0,-17.9380848548,21.38,21
-29.1880848548,26.94,,FS,G,24.0,24.0,-18.8280848548,23.85,21
-20.2180848548,30.86,,CB,QB,24.0,24.0,-17.6580848548,23.88,21
-19.6380848548,28.0,,LB,G,24.0,24.0,-17.6780848548,22.22,21
-20.5080848548,21.74,,DE,TE,24.0,24.6438382519,-16.9580848548,20.13,21
-24.6480848548,26.44,,ILB,WR,24.0,130.400143821,-18.4980848548,8.52,21
-22.7880848548,18.16,,SS,OT,24.0,24.0,-18.4980848548,26.82,21
-19.8580848548,26.48,,DE,RB,24.0,126.072900798,-14.8880848548,27.37,21
-22.6090560783,25.08,,ILB,RB,24.0,24.0,-13.1990560783,27.57,60
-19.3490560783,23.52,,OLB,WR,24.0,34.4861784396,-16.4090560783,17.38,60
-18.8990560783,30.2,,NT,OG,24.0,24.0,-17.0790560783,31.65,60
-23.1690560783,9.65,,CB,T,24.0,24.0,-16.0390560783,26.65,60
-25.5690560783,36.91,,FS,G,24.0,24.0,-18.1590560783,30.28,60
-21.3090560783,17.74,,CB,QB,24.0,24.0,-13.3690560783,29.8,60
-19.0790560783,34.12,,LB,G,24.0,24.6760788058,-17.3190560783,28.3,60
-19.2090560783,27.04,,DE,TE,24.0,24.0,-18.1290560783,34.0,60
-24.2690560783,30.01,,ILB,WR,24.0,133.853808012,-16.4490560783,8.98,60
-30.4190560783,25.22,,SS,OT,24.0,24.0,-17.9390560783,32.57,60
-19.5290560783,32.76,,DE,TE,24.0,105.254754693,-17.4290560783,24.91,60
-36.5909139277,27.12,,DE,OG,24.0,24.0,-35.6609139277,30.58,113
-39.6509139277,21.12,,FS,QB,24.0,24.0,-31.5409139277,29.74,113
-38.7309139277,33.82,,FS,G,24.0,37.7987201201,-35.1509139277,28.36,113
-37.9709139277,23.98,,OLB,FB,24.0,87.3633149457,-31.5409139277,27.64,113
-38.7309139277,12.85,,CB,WR,24.0,46.5364708999,-35.2209139277,38.95,113
-37.0609139277,32.44,,DE,T,24.0,24.0,-35.8109139277,26.28,113
-48.7209139277,34.48,,FS,OT,24.0,24.0,-35.8509139277,32.64,113
-40.1609139277,39.76,,CB,G,24.0,25.0137986066,-35.9309139277,29.21,113
-36.9009139277,35.75,,LB,WR,24.0,24.0,-35.8509139277,19.22,113
-39.3209139277,26.16,,ILB,WR,24.0,145.687107528,-33.9409139277,11.59,113
-45.2009139277,17.09,,SS,TE,24.0,66.3906945351,-35.3409139277,34.35,113
-36.5687129083,28.76,,LB,WR,24.0,24.0,-36.1187129083,12.24,125
-36.6287129083,32.78,,TE,LS,24.0,24.0,-36.1787129083,29.96,125
-38.6687129083,13.38,,FS,LB,24.0,24.0,-35.5987129083,28.44,125
-39.8387129083,28.63,,FS,LB,24.0,24.0,-36.6087129083,30.93,125
-37.4287129083,26.71,,LB,RB,24.0,24.0,-35.1587129083,32.71,125
-38.6287129083,35.19,,SS,TE,24.0,24.0,-35.7887129083,26.9,125
-80.9787129083,21.0,,WR,SS,24.0,24.0,-31.8687129083,28.84,125
-37.8087129083,43.59,,CB,SS,24.0,24.0,-32.8487129083,25.65,125
-37.5587129083,30.83,,LB,CB,24.0,24.0,-36.6187129083,44.31,125
-37.1787129083,23.08,,DB,P,24.0,24.0,-21.8587129083,29.77,125
-36.8987129083,34.39,,OLB,ILB,24.0,24.0,-33.2687129083,33.91,125
-58.3774099723,41.43,,WR,MLB,95.9290879503,24.0,-51.7574099723,23.28,34
-58.8174099723,29.72,,TE,OLB,58.2403958588,24.0,-53.0174099723,24.89,34
-61.8374099723,27.26,,TE,FS,24.0,24.0,-43.0874099723,26.18,34
-59.0574099723,21.33,,OG,SS,24.0,24.0,-52.2174099723,29.88,34
-58.8074099723,22.97,,G,DT,24.0,24.0,-55.9074099723,21.42,34
-59.7674099723,27.01,,T,CB,24.0,24.0,-49.3074099723,14.78,34
-57.4074099723,24.13,,C,DE,24.0,24.0,-56.0874099723,18.41,34
-58.5074099723,23.9,,QB,SS,24.0,24.0,-54.8674099723,41.65,34
-58.5674099723,25.88,,G,DE,24.0,24.0,-56.4474099723,30.08,34
-58.4374099723,19.48,,WR,NT,48.9121878052,24.0,-56.1374099723,26.92,34
-64.0274099723,23.83,,RB,DT,72.6469125699,24.0,-56.4174099723,25.53,34
-3.36823916316,25.5,,WR,SS,93.2350641766,24.0,5.89176083684,31.02,70
0.511760836844,33.33,,TE,OLB,24.0,24.0,5.97176083684,27.69,70
-0.768239163156,25.2,,OG,FS,24.0,24.0,15.9717608368,20.49,70
-0.158239163156,27.17,,G,CB,24.0,24.0,3.56176083684,38.37,70
-0.338239163156,31.27,,T,CB,24.0,24.0,4.68176083684,16.55,70
0.461760836844,28.91,,C,DE,24.0,24.0,2.82176083684,22.35,70
-0.378239163156,28.41,,QB,DE,24.0,24.0,2.32176083684,25.49,70
-2.23823916316,30.05,,G,DE,24.0,24.0,1.89176083684,34.31,70
-0.958239163156,37.12,,WR,SS,46.2352362538,24.0,12.2217608368,33.32,70
0.141760836844,18.13,,WR,DT,24.0,24.0,2.10176083684,28.16,70
-5.74823916316,28.46,,RB,DT,75.1702141209,24.0,1.97176083684,30.74,70
-4.20166253535,26.74,,RB,DE,24.0,24.0,1.92833746465,35.04,53
-0.701662535348,23.29,,WR,SS,75.6677474557,24.0,5.91833746465,36.91,53
0.268337464652,35.36,,TE,OLB,24.0,24.0,3.36833746465,27.29,53
-0.221662535348,25.59,,OG,FS,29.4556806465,24.0,15.8483374647,25.59,53
0.0883374646521,27.44,,G,CB,26.28756397,24.0,2.24833746465,45.56,53
-1.00166253535,32.44,,T,CB,24.0,24.0,3.89833746465,11.96,53
0.458337464652,29.13,,C,DE,31.1872917629,24.0,2.41833746465,23.47,53
-3.89166253535,29.24,,QB,SS,24.0,24.0,4.00833746465,22.44,53
0.0583374646521,30.81,,G,DE,24.0,24.0,1.04833746465,27.15,53
0.918337464652,11.74,,WR,NT,29.4312917575,24.0,2.05833746465,32.01,53
-0.301662535348,46.07,,WR,SS,24.0,24.0,10.6583374647,32.71,53
12.415500292,31.71,,LB,RB,24.0,24.0,15.355500292,25.42,9
12.725500292,30.62,,TE,LB,24.0,24.0,14.825500292,32.26,9
14.115500292,44.92,,FS,LB,24.0,24.0,15.275500292,31.32,9
10.625500292,27.42,,FS,CB,24.0,24.0,16.965500292,43.55,9
12.265500292,27.6,,LB,RB,24.0,24.0,15.155500292,27.27,9
10.545500292,28.37,,SS,CB,24.0,24.0,15.915500292,8.76,9
13.525500292,8.48,,WR,DE,24.0,24.0,13.445500292,28.39,9
10.135500292,31.71,,FB,CB,24.0,24.0,14.575500292,25.2,9
13.555500292,28.48,,ILB,SS,24.0,24.0,17.615500292,27.91,9
0.245500292046,30.27,,P,SS,24.0,24.0,15.655500292,33.39,9
13.825500292,29.39,,LS,WR,24.0,24.0,68.065500292,26.59,9
-8.24854231765,29.08,,ILB,WR,24.0,40.4293740881,-1.17854231765,20.48,33
-3.34854231765,22.36,,OLB,OG,24.0,24.0,-1.78854231765,29.03,33
-2.84854231765,27.15,,NT,TE,24.0,73.1412006593,-1.71854231765,22.37,33
-5.11854231765,18.0,,CB,T,24.0,24.0,-1.70854231765,24.51,33
-3.10854231765,24.99,,DE,G,24.0,24.0,-2.07854231765,27.09,33
-16.7685423177,29.78,,FS,RB,24.0,24.0,5.86145768235,26.73,33
-5.26854231765,44.26,,CB,QB,24.0,24.0,-0.798542317652,27.21,33
-2.48854231765,32.06,,LB,G,24.0,32.1331787188,-1.93854231765,26.09,33
-3.05854231765,30.15,,DE,TE,24.0,24.0,-0.678542317652,23.62,33
-7.07854231765,23.83,,ILB,WR,24.0,143.64736684,-1.80854231765,44.25,33
-3.66854231765,20.17,,SS,OT,24.0,24.0,-1.77854231765,30.55,33
-10.2745002438,26.25,,ILB,OG,24.0,24.0,-5.35450024378,26.54,5
-7.25450024378,20.51,,OLB,TE,24.0,72.3479708952,-4.66450024378,20.2,5
-5.92450024378,23.9,,NT,T,24.0,24.0,-5.16450024378,22.09,5
-8.74450024378,16.33,,CB,OT,24.0,24.0,-4.72450024378,28.32,5
-6.63450024378,22.19,,DE,TE,24.0,100.892635802,-2.88450024378,21.11,5
-18.4445002438,28.43,,FS,RB,24.0,24.0,2.11549975622,25.46,5
-7.43450024378,43.27,,CB,QB,24.0,24.0,-4.30450024378,25.54,5
-8.88450024378,30.5,,LB,G,24.0,34.0517439862,-4.85450024378,23.85,5
-6.71450024378,27.98,,DE,TE,24.0,24.0,-4.15450024378,18.38,5
-11.6445002438,22.05,,ILB,WR,24.0,147.170670628,-4.61450024378,43.27,5
-6.81450024378,18.11,,SS,G,24.0,24.0,-5.28450024378,24.67,5
-23.1092454377,24.85,,ILB,OG,24.0,24.0,-18.5192454377,26.16,95
-18.6492454377,20.19,,OLB,TE,24.0,79.0035986766,-17.6492454377,20.67,95
-19.8592454377,16.87,,CB,T,24.0,24.0,-17.8592454377,22.28,95
-19.0092454377,22.78,,DE,G,24.0,24.0,-18.2092454377,24.84,95
-31.5292454377,29.13,,FS,RB,24.0,138.182116375,-10.5192454377,24.5,95
-20.4792454377,43.78,,CB,TE,24.0,106.892238402,-17.4692454377,18.84,95
-20.0592454377,29.78,,LB,QB,24.0,24.0,-17.0592454377,25.11,95
-20.1892454377,27.31,,DE,G,24.0,28.8418947773,-17.6692454377,23.02,95
-24.7692454377,21.32,,ILB,TE,24.0,24.3289461649,-16.0292454377,19.85,95
-19.5392454377,18.36,,SS,OT,24.0,24.0,-17.7492454377,27.77,95
-19.4992454377,24.38,,DE,WR,24.0,140.159275344,-17.7092454377,43.71,95
2.95832118973,29.39,,ILB,OG,24.0,24.0,6.37832118973,29.07,94
3.94832118973,23.51,,OLB,TE,24.0,80.3370960162,6.94832118973,22.96,94
4.67832118973,19.15,,CB,T,24.0,24.0,7.94832118973,23.69,94
-6.40167881027,30.66,,FS,G,24.0,24.0,6.47832118973,27.82,94
4.13832118973,44.51,,CB,TE,24.0,106.060852643,7.75832118973,21.15,94
5.33832118973,32.47,,LB,QB,24.0,24.0,7.59832118973,27.69,94
5.51832118973,28.07,,DE,G,24.0,28.8280173216,6.62832118973,25.77,94
0.488321189731,22.78,,ILB,TE,24.0,24.0,7.50832118973,21.59,94
5.11832118973,20.96,,SS,OT,24.0,24.0,6.90832118973,30.85,94
5.57832118973,26.1,,DE,WR,24.0,142.438962849,6.73832118973,44.42,94
4.51832118973,30.67,,DE,RB,24.0,136.356600149,13.7283211897,27.14,94
-6.44085567454,29.74,,RB,CB,24.0,24.0,7.27914432546,18.76,68
-3.47085567454,32.83,,FB,DE,133.905487635,24.0,1.80914432546,32.2,68
0.299144325462,43.21,,WR,MLB,87.6041574926,24.0,5.83914432546,29.0,68
-0.490855674537,25.79,,TE,OLB,78.6183152426,24.0,5.04914432546,25.0,68
-0.710855674537,23.77,,TE,FS,25.0627539662,24.0,16.9391443255,30.59,68
-0.0208556745375,27.13,,OG,SS,24.0,24.0,6.33914432546,34.79,68
-1.87085567454,28.35,,G,DT,24.0,24.0,2.04914432546,30.34,68
0.299144325462,32.43,,T,DT,24.0,24.0,4.06914432546,27.89,68
0.709144325462,29.86,,C,DE,24.0,24.0,1.89914432546,23.79,68
-0.570855674538,29.74,,QB,SS,24.0,24.0,2.42914432546,43.68,68
-0.430855674538,31.0,,G,DE,24.0,24.0,1.10914432546,34.64,68
-22.3892775259,32.97,,RB,DE,24.0,24.0,-15.9092775259,19.6,124
-18.9292775259,15.54,,WR,MLB,84.1278465558,24.0,-12.0392775259,24.51,124
-17.5792775259,34.62,,TE,OLB,29.9804482407,24.0,-11.9292775259,31.54,124
-18.3592775259,19.68,,TE,FS,26.9627297128,24.0,-0.489277525939,24.54,124
-18.5192775259,26.05,,OG,SS,25.2587593373,24.0,-11.9892775259,17.34,124
-18.6792775259,27.58,,G,DT,24.0,24.0,-16.6692775259,25.84,124
-18.8692775259,33.08,,T,CB,24.0,24.0,-9.61927752594,12.47,124
-17.6592775259,29.91,,C,DE,29.056109349,24.0,-16.5992775259,32.0,124
-22.1992775259,29.56,,QB,SS,24.0,24.0,-11.1892775259,36.8,124
-18.4392775259,31.31,,G,DE,24.0,24.0,-16.4192775259,35.53,124
-19.5192775259,20.99,,WR,DT,24.0,24.0,-16.1392775259,28.45,124
-4.32165595279,26.25,,RB,DE,24.0,24.0,0.548344047205,35.09,117
-0.841655952795,11.98,,WR,SS,84.9722440895,24.0,3.06834404721,33.39,117
-3.81165595279,32.62,,TE,OLB,29.37262293,24.0,4.28834404721,26.19,117
-0.361655952795,23.54,,TE,FS,27.3437383561,24.0,20.7583440472,27.54,117
-0.481655952795,25.98,,OG,SS,25.7508729189,24.0,9.62834404721,26.37,117
-0.901655952795,27.86,,G,CB,24.0,24.0,2.84834404721,38.19,117
-1.49165595279,33.06,,T,CB,24.0,24.0,6.99834404721,13.38,117
0.0483440472055,30.22,,C,DE,29.2458007074,24.0,1.35834404721,22.04,117
-4.52165595279,29.54,,QB,SS,24.0,24.0,3.19834404721,23.21,117
-1.00165595279,31.68,,G,DE,24.0,24.0,0.508344047205,26.77,117
-0.471655952795,38.14,,WR,NT,33.421449486,24.0,1.61834404721,32.53,117
-1.30295706198,35.24,,TE,DT,163.242150504,24.0,0.877042938022,31.66,75
-7.47295706198,29.84,,RB,DE,24.0,24.0,0.587042938022,23.76,75
-2.30295706198,14.42,,WR,MLB,93.9338058454,24.0,5.24704293802,29.45,75
-0.622957061978,34.52,,TE,OLB,82.3003058095,24.0,3.82704293802,34.12,75
-1.49295706198,25.01,,TE,FS,24.7425278541,24.0,14.507042938,29.93,75
-1.21295706198,27.83,,OG,SS,24.0,24.0,5.01704293802,24.1,75
-0.592957061978,28.42,,G,DT,24.0,24.0,-0.192957061978,29.53,75
-1.50295706198,32.62,,T,CB,24.0,24.0,6.36704293802,13.53,75
0.127042938022,29.89,,C,SS,25.7839334129,24.0,3.25704293802,38.05,75
-1.74295706198,29.85,,QB,NT,24.0,24.0,1.03704293802,27.64,75
-0.452957061978,32.01,,G,DE,24.0,24.0,-0.0129570619776,34.7,75
-3.63984511066,32.07,,RB,DE,24.0,24.0,1.32015488934,35.53,112
-0.949845110663,8.21,,WR,OLB,87.3155759639,24.0,2.95015488934,29.41,112
-0.449845110663,17.31,,TE,FS,24.0,24.0,17.2701548893,24.27,112
-0.669845110663,26.36,,OG,SS,29.4706188409,24.0,14.3801548893,38.01,112
-0.469845110663,27.94,,G,CB,28.0121632809,24.0,8.48015488934,9.12,112
0.270154889337,32.48,,T,DE,24.0,24.0,1.02015488934,23.79,112
0.380154889337,29.88,,C,SS,35.0117744136,24.0,4.85015488934,17.19,112
-3.95984511066,29.38,,QB,NT,24.0,24.0,2.25015488934,27.05,112
-3.06984511066,31.51,,G,DE,24.0,24.0,-2.87984511066,32.42,112
-0.469845110663,41.99,,WR,ILB,29.6968257861,24.0,5.87015488934,23.13,112
-0.0398451106633,20.28,,WR,CB,24.0,24.0,2.78015488934,42.31,112
-8.28394204542,26.41,,RB,DT,24.0,24.0,1.55605795458,28.69,22
-4.05394204542,26.71,,FB,NT,141.019238769,24.0,2.65605795458,24.42,22
0.376057954584,11.41,,WR,MLB,98.1211341917,24.0,3.79605795458,22.0,22
1.34605795458,29.72,,TE,OLB,82.4005441432,24.0,4.34605795458,26.94,22
-1.26394204542,22.26,,TE,FS,25.2159161889,24.0,10.8260579546,21.43,22
0.286057954584,24.29,,OG,SS,24.0,24.0,5.39605795458,31.15,22
1.02605795458,25.27,,G,DT,24.0,24.0,1.79605795458,26.33,22
-0.543942045416,29.6,,T,DE,24.0,24.0,1.80605795458,21.77,22
0.746057954584,26.72,,C,SS,25.308593967,24.0,2.77605795458,11.63,22
-0.563942045416,26.75,,QB,ILB,24.0,24.0,1.81605795458,30.89,22
0.416057954584,28.36,,G,DE,24.0,24.0,1.68605795458,32.41,22
-7.85469505301,26.32,,RB,DE,24.3245022973,24.0,1.38530494699,20.91,105
-4.20469505301,26.42,,FB,SS,126.598820391,24.0,4.41530494699,42.47,105
0.365304946993,42.03,,WR,MLB,113.373213683,24.0,5.03530494699,24.18,105
0.105304946993,21.96,,TE,OLB,67.4557646526,24.0,4.61530494699,29.0,105
-1.18469505301,32.35,,TE,SS,24.0,24.0,9.20530494699,28.47,105
-0.634695053007,25.42,,G,DT,24.0,24.0,1.55530494699,23.5,105
0.695304946993,29.52,,T,CB,24.0,24.0,7.20530494699,18.17,105
0.265304946993,27.01,,C,DT,24.0,24.0,3.16530494699,27.33,105
-0.734695053007,26.27,,QB,NT,24.0,24.0,2.39530494699,29.36,105
-0.214695053007,28.56,,G,DE,24.0,24.0,1.78530494699,32.31,105
-1.13469505301,23.26,,OG,FS,154.355814921,24.0,3.66530494699,33.35,105
-5.26873156354,29.49,,RB,DT,24.0,24.0,0.661268436456,32.71,2
-0.138731563544,20.09,,WR,MLB,98.2796619699,24.0,5.25126843646,27.58,2
0.261268436456,24.1,,TE,OLB,81.4664496958,24.0,4.69126843646,33.63,2
1.14126843646,34.41,,TE,FS,24.0257384075,24.0,10.3612684365,30.35,2
-0.528731563544,37.34,,TE,SS,28.7713284221,24.0,5.22126843646,23.43,2
0.211268436456,27.66,,OG,DT,24.0,24.0,1.97126843646,30.41,2
-1.61873156354,30.87,,G,CB,24.0,24.0,9.14126843646,17.89,2
-0.678731563544,33.43,,T,DE,24.0,24.0,2.06126843646,24.48,2
0.381268436456,30.23,,C,SS,28.1620939758,24.0,5.05126843646,38.03,2
-0.928731563544,30.24,,QB,NT,24.0,24.0,1.93126843646,28.4,2
-0.598731563544,32.01,,G,DE,24.0,24.0,0.981268436456,35.42,2
-6.88259232734,29.63,,RB,DT,24.0,24.0,1.27740767266,31.49,51
-3.56259232734,33.16,,FB,NT,148.040556012,24.0,3.05740767266,25.59,51
-0.182592327339,33.7,,TE,MLB,82.500294699,24.0,5.56740767266,30.66,51
-0.252592327339,34.52,,TE,SS,24.0,24.0,2.24740767266,35.19,51
-0.00259232733899,25.32,,TE,OLB,29.8471223143,24.0,5.22740767266,25.98,51
-0.202592327339,27.39,,OG,DT,26.2961000811,24.0,1.52740767266,27.27,51
-0.812592327339,28.89,,G,DT,25.8302723019,24.0,1.46740767266,30.07,51
0.417407672661,31.75,,T,DE,24.0,24.0,1.50740767266,23.07,51
0.137407672661,29.34,,C,DE,32.0470000989,24.0,1.72740767266,33.41,51
-1.18259232734,29.93,,QB,ILB,24.0,24.0,5.51740767266,33.33,51
0.127407672661,30.74,,G,DE,24.0,24.0,1.85740767266,37.11,51
6.50291437235,24.51,,DE,DT,24.0,24.0,8.44291437235,25.84,77
5.65291437235,24.39,,TE,MLB,24.0,24.0,12.7129143723,26.91,77
5.63291437235,25.53,,OG,CB,24.0,24.0,8.87291437235,21.95,77
5.61291437235,26.44,,G,DT,24.0,24.0,6.67291437235,25.5,77
7.35291437235,28.12,,G,DE,24.0,24.0,6.63291437235,27.36,77
8.17291437235,29.99,,DE,DE,24.0,24.0,8.10291437235,24.81,77
0.732914372349,26.02,,P,SS,24.0,24.0,9.66291437235,31.34,77
6.31291437235,30.07,,DE,NT,24.0,24.0,6.95291437235,26.57,77
8.23291437235,28.12,,OG,LB,24.0,24.0,9.08291437235,29.36,77
-1.82708562765,29.05,,K,SS,24.0,24.0,9.95291437235,23.09,77
-6.72113667039,22.28,,DE,T,24.0,24.0,-4.13113667039,20.56,67
-10.7111366704,15.61,,FS,G,24.0,28.2198062833,-4.05113667039,22.31,67
-9.69113667039,24.02,,FS,WR,24.0,24.0,-3.66113667039,16.03,67
-7.15113667039,18.84,,OLB,WR,24.0,28.1844818505,-3.70113667039,43.64,67
-6.88113667039,8.9,,CB,OG,24.0,24.0,-5.01113667039,25.33,67
-6.20113667039,26.6,,DE,G,24.0,24.0,-5.69113667039,23.49,67
-13.2511366704,31.11,,FS,RB,24.0,24.0,-1.03113667039,21.84,67
-6.81113667039,43.45,,CB,QB,24.0,24.0,-0.691136670387,23.86,67
-6.22113667039,17.55,,ILB,TE,24.0,26.1142177688,-4.81113667039,31.35,67
-25.1711366704,22.9,,SS,OT,24.0,24.0,-4.18113667039,26.85,67
-5.36113667039,28.13,,OLB,WR,24.0,148.905731074,-4.88113667039,8.82,67
-7.00526459509,19.22,,DE,OG,24.0,24.0,-5.54526459509,25.11,45
-9.62526459509,32.65,,FS,QB,24.0,24.0,-2.07526459509,23.9,45
-9.79526459509,26.85,,FS,G,24.0,32.6233753126,-5.29526459509,22.28,45
-8.85526459509,22.25,,OLB,FB,24.0,107.38501424,-2.27526459509,21.2,45
-12.2952645951,11.81,,CB,WR,24.0,37.154995411,-6.20526459509,43.26,45
-7.24526459509,28.32,,DE,OT,24.0,24.0,-5.51526459509,26.85,45
-17.0452645951,33.77,,FS,G,24.0,24.0,-6.15526459509,23.48,45
-9.20526459509,43.0,,CB,TE,24.0,99.9668833442,-1.74526459509,26.57,45
-10.3652645951,20.63,,ILB,WR,24.0,24.0,-5.99526459509,34.73,45
-20.8652645951,20.19,,SS,T,24.0,24.0,-5.27526459509,20.86,45
-8.19526459509,25.36,,OLB,WR,24.0,156.579333314,-6.05526459509,10.85,45
-38.7711162506,26.81,,ILB,WR,24.0,86.6773270759,-31.9111162506,36.11,106
-34.6311162506,9.66,,CB,WR,24.0,43.1273477343,-31.2411162506,44.18,106
-40.3711162506,20.95,,FS,TE,24.0,86.3795925705,-28.1611162506,28.43,106
-35.1411162506,36.15,,CB,T,24.0,24.0,-31.2311162506,23.52,106
-33.3711162506,31.75,,LB,G,24.0,24.0,-31.5511162506,26.6,106
-32.7511162506,26.01,,DE,RB,24.0,24.0,-27.8911162506,23.98,106
-39.8911162506,29.75,,ILB,QB,24.0,24.0,-27.8311162506,26.55,106
-38.7211162506,44.38,,DB,OT,24.0,24.0,-31.1411162506,29.28,106
-53.7711162506,29.92,,SS,OG,24.0,24.0,-31.0811162506,28.0,106
-33.9611162506,28.89,,DE,G,24.0,37.2483528406,-31.1111162506,25.09,106
-32.9711162506,21.39,,OLB,WR,24.0,162.973055658,-31.0611162506,9.95,106
-29.0423557975,38.57,,ILB,G,24.0,24.0,-20.6023557975,29.71,50
-22.5823557975,25.19,,OLB,WR,24.0,36.073500052,-19.9223557975,44.86,50
-27.9923557975,10.54,,CB,OG,24.0,24.0,-21.2323557975,31.49,50
-24.2623557975,31.8,,DE,T,24.0,24.0,-20.1923557975,26.58,50
-22.3823557975,23.67,,FS,OT,24.0,24.0,-19.9923557975,32.85,50
-26.0523557975,19.42,,CB,RB,24.0,24.0,-16.9923557975,27.76,50
-22.0023557975,33.96,,LB,G,24.0,29.32653338,-19.9923557975,28.27,50
-22.9223557975,28.93,,DE,TE,24.0,30.2430762535,-20.5923557975,37.15,50
-25.3523557975,28.47,,ILB,WR,24.0,159.721630853,-20.5423557975,9.81,50
-27.8223557975,44.1,,DB,QB,24.0,24.0,-16.8423557975,29.69,50
-37.4123557975,31.26,,SS,WR,24.0,89.0607801023,-19.4823557975,17.85,50
-16.9107591914,28.25,,DE,OG,24.0,24.0,-16.5207591914,33.08,84
-24.0307591914,24.91,,FS,TE,24.0,103.639047376,-19.0407591914,23.61,84
-15.8707591914,26.16,,OLB,FB,24.0,110.605530166,-17.1607591914,34.87,84
-28.0207591914,9.52,,CB,WR,24.0,45.7050851413,-24.7707591914,10.14,84
-16.2307591914,33.56,,DE,T,24.0,24.0,-15.2507591914,26.88,84
-41.2407591914,31.58,,FS,OT,24.0,24.0,-15.4907591914,32.93,84
-29.8607591914,20.21,,CB,G,24.0,24.0,-16.8007591914,28.9,84
-16.5607591914,34.55,,LB,G,24.0,33.8890623571,-16.0607591914,28.4,84
-22.5807591914,36.04,,ILB,WR,24.0,169.592917451,-19.9507591914,45.14,84
-27.9407591914,44.5,,DB,QB,24.0,24.0,-11.3507591914,30.13,84
-34.9907591914,25.6,,SS,WR,24.0,82.3182289843,-26.1007591914,21.06,84
-25.2355711199,27.3,,DE,T,24.0,24.0,-22.6755711199,26.48,17
-29.4055711199,31.13,,FS,QB,24.0,24.0,-19.4955711199,29.69,17
-25.4155711199,24.24,,OLB,WR,24.0,40.2796307335,-22.2555711199,43.72,17
-31.0555711199,10.02,,CB,OG,24.0,24.0,-23.0455711199,31.39,17
-25.3055711199,31.96,,DE,G,24.0,24.0,-23.1355711199,29.68,17
-25.0955711199,36.25,,FS,TE,24.0,107.997199277,-23.5855711199,36.11,17
-27.5355711199,20.54,,CB,RB,24.0,24.0,-19.3655711199,31.8,17
-24.7555711199,34.26,,LB,WR,24.0,25.2900861348,-22.4655711199,20.7,17
-30.4955711199,27.61,,ILB,WR,24.0,163.496298819,-23.2955711199,10.29,17
-31.2755711199,44.33,,DB,G,24.0,25.9000633947,-23.1155711199,28.7,17
-44.4055711199,28.06,,SS,OT,24.0,24.0,-22.7455711199,32.79,17
-38.9702341727,26.9,,DE,T,24.0,24.0,-38.4102341727,26.48,36
-40.6902341727,30.51,,FS,QB,24.0,24.0,-34.6702341727,29.52,36
-40.2802341727,24.63,,OLB,WR,24.0,42.2590605593,-39.6202341727,44.29,36
-46.0502341727,11.98,,CB,OG,24.0,24.0,-38.1002341727,31.77,36
-39.6002341727,32.64,,DE,G,24.0,24.0,-38.6002341727,29.26,36
-42.6502341727,36.71,,FS,TE,24.0,105.583783562,-40.4302341727,36.4,36
-41.4502341727,19.61,,CB,RB,24.0,24.0,-36.4302341727,30.66,36
-39.9202341727,34.79,,LB,WR,24.0,25.5209565352,-38.4602341727,19.5,36
-40.2702341727,28.79,,ILB,WR,24.0,165.798694888,-38.8902341727,11.22,36
-47.3602341727,43.87,,DB,G,24.0,25.7675967716,-38.3102341727,27.91,36
-52.7702341727,31.14,,SS,OT,24.0,24.0,-37.5202341727,33.2,36
-14.4748625879,21.41,,SS,G,24.0,24.0,-11.9248625879,28.73,81
-15.2248625879,31.62,,ILB,OG,24.0,24.0,-11.6248625879,26.49,81
-15.1348625879,24.47,,OLB,TE,24.0,24.0,-10.3748625879,30.13,81
-14.8348625879,26.16,,NT,K,24.0,24.0,-2.15486258792,29.21,81
-14.1148625879,21.33,,CB,LS,24.0,24.0,-12.6348625879,27.72,81
-14.1148625879,29.61,,DE,OT,24.0,24.0,-12.4648625879,25.91,81
-13.6948625879,33.82,,FS,T,24.0,24.0,-12.1648625879,25.28,81
-14.1448625879,31.12,,LB,G,24.0,24.0,-11.1848625879,30.16,81
-14.0548625879,27.07,,DE,P,24.0,24.0,-4.25486258792,26.7,81
-17.6848625879,26.77,,ILB,TE,24.0,24.0,-10.9348625879,25.0,81
-13.1748625879,23.76,,SS,T,24.0,24.0,-11.7348625879,29.09,81
-9.40151231151,24.29,,RB,DE,24.0,24.0,-3.07151231151,33.11,23
-3.70151231151,41.68,,WR,OLB,87.1509509634,24.0,-1.29151231151,22.62,23
-3.82151231151,21.86,,TE,FS,24.5373563257,24.0,-1.43151231151,26.97,23
-4.79151231151,23.79,,OG,SS,34.1593827443,24.0,11.6884876885,38.53,23
-5.14151231151,25.61,,G,CB,34.1496271887,24.0,-1.83151231151,35.05,23
-5.20151231151,30.61,,T,CB,24.0,24.0,-1.20151231151,10.24,23
-3.95151231151,27.27,,C,DE,38.4079272019,24.0,-2.63151231151,20.35,23
-8.80151231151,27.31,,QB,SS,24.0,24.0,10.4184876885,19.86,23
-4.48151231151,28.98,,G,DE,24.0,24.0,-3.90151231151,30.3,23
-4.31151231151,9.63,,WR,ILB,24.0,24.0,-2.51151231151,24.52,23
-4.63151231151,36.33,,WR,CB,24.0,24.0,-1.91151231151,41.71,23
-8.13409327939,23.33,,RB,DE,24.0,24.0,-2.45409327939,32.38,78
-4.53409327939,10.32,,WR,OLB,90.2239509729,24.0,-2.04409327939,22.06,78
-3.37409327939,21.36,,TE,FS,26.64943411,24.0,-1.31409327939,26.57,78
-4.62409327939,23.45,,OG,SS,33.7837938543,24.0,12.2659067206,34.49,78
-5.41409327939,25.35,,G,CB,34.5130216343,24.0,-1.68409327939,36.23,78
-4.84409327939,30.13,,T,CB,24.0,24.0,-1.51409327939,11.2,78
-3.37409327939,27.13,,C,DE,39.134716093,24.0,-2.35409327939,19.77,78
-8.58409327939,26.83,,QB,SS,24.0,24.0,7.60590672061,19.21,78
-4.06409327939,28.55,,G,DE,24.0,24.0,-3.01409327939,28.31,78
-3.64409327939,43.06,,WR,ILB,24.0,24.0,0.315906720614,23.88,78
-4.07409327939,36.43,,WR,CB,24.0,24.0,-1.21409327939,42.75,78
-4.83742211478,23.96,,RB,DE,24.0,24.0,1.17257788522,32.6,19
-1.25742211478,9.67,,WR,OLB,91.1867023647,24.0,1.91257788522,19.82,19
-0.00742211477629,20.28,,TE,FS,26.3659132758,24.0,2.25257788522,26.37,19
-1.36742211478,23.64,,OG,SS,34.1673091332,24.0,18.5625778852,31.71,19
-0.847422114776,25.39,,G,CB,34.759959135,24.0,2.17257788522,35.76,19
-1.09742211478,30.1,,T,CB,24.0,24.0,2.04257788522,10.72,19
0.202577885224,27.05,,C,DE,39.9816202623,24.0,1.46257788522,21.66,19
-4.61742211478,26.97,,QB,SS,24.0,24.0,9.63257788522,17.4,19
-0.157422114776,28.18,,G,DE,24.0,24.0,0.302577885224,28.29,19
0.112577885224,45.93,,WR,ILB,24.0,24.0,2.91257788522,24.18,19
-0.527422114776,36.43,,WR,CB,24.0,24.0,2.76257788522,45.64,19
-1.93396869361,18.64,,RB,DE,24.0,24.0,0.636031306386,29.37,135
3.76603130639,6.2,,WR,OLB,94.4093891802,24.0,7.47603130639,21.18,135
3.00603130639,19.56,,TE,FS,30.2641723156,24.0,8.22603130639,17.78,135
-0.933968693614,19.47,,OG,SS,34.3102889948,24.0,19.9460313064,31.25,135
0.0260313063856,21.86,,G,CB,35.0419556637,24.0,7.97603130639,35.72,135
-0.603968693614,28.15,,T,CB,24.0,24.0,12.1060313064,8.59,135
0.646031306386,24.78,,C,DE,41.8293834624,24.0,0.626031306386,17.58,135
-4.07396869361,23.84,,QB,SS,24.0,24.0,15.0760313064,17.77,135
-0.0739686936144,25.79,,G,DE,24.0,24.0,1.19603130639,26.06,135
4.73603130639,46.43,,WR,ILB,24.0,24.0,6.55603130639,24.72,135
3.31603130639,35.75,,WR,CB,24.0,24.0,9.80603130639,45.66,135
-35.2374321867,29.03,,DE,T,24.0,24.0,-31.8774321867,27.02,107
-35.9074321867,31.51,,ILB,FB,24.0,111.207874825,-32.0174321867,30.9,107
-34.9274321867,26.99,,OLB,WR,24.0,56.542810374,-21.5174321867,29.77,107
-37.7674321867,22.12,,CB,OG,24.0,24.0,-34.8274321867,29.81,107
-39.9774321867,34.17,,FS,G,24.0,24.0,-34.5674321867,29.47,107
-38.4774321867,35.13,,CB,TE,24.0,90.3286118444,-33.2774321867,25.99,107
-36.5174321867,33.68,,LB,RB,24.0,24.0,-32.4174321867,28.62,107
-34.6474321867,31.96,,DE,QB,24.0,24.0,-33.1274321867,30.02,107
-36.7674321867,29.68,,ILB,G,24.0,37.8486158815,-32.7074321867,28.54,107
-36.4874321867,25.68,,SS,OT,24.0,24.0,-33.6174321867,32.03,107
-34.6974321867,30.15,,DE,TE,24.0,29.0508135658,-33.2174321867,33.31,107
